PCA Feature 1,PCA Feature 2,Subcluster,Centroid,fid,participant,VCL,VAP,VSL,LIN,WOB,STR,ALH Mean,ALH Max
-0.15775661643717004,-0.04815730505059734,0,False,ckz6rugcj000l386lzjazem8c,11,178.19513046695954,113.12368706647416,52.549880396677246,29.490076557631244,63.48304062520342,46.4534720882972,2.0540119646303827,15.852580295725176
-0.17139868309543987,0.4542158779540061,1,False,ckz6rurv1000t386llsdca8lh,11,408.7908824275821,175.6037268682894,118.91050345633155,29.08834530510761,42.956859953792595,67.71525045451895,6.358523192794598,30.867964903173657
-0.1446669392456545,0.2619136469693645,1,False,ckz6ruxwl0011386lwhdpziws,11,302.2281530877163,160.25983331009706,94.19612410657012,31.16722355088852,53.02611013328878,58.77712597161134,4.7684897546868195,26.041666666666195
-0.20783679490453516,-0.13060454928567838,0,False,ckz6rv5s20017386lyas5kerj,11,150.24114199834173,89.6585081651173,37.54659867253301,24.990890093838228,59.67640219754645,41.87734041189518,1.803173711013245,8.60656264350638
0.00817304649105588,0.037249357291964214,0,False,ckz6rvjnr001b386l6bprt2rz,11,213.1102877302696,118.38499075060506,115.78413194222246,54.33061593383452,55.5510444903735,97.80305020772298,2.815958684947836,13.04091173127795
-0.15112719836170385,0.17245985178350426,1,False,ckz6rvtvy001l386li54we947,11,264.42498017919115,163.07035422788016,70.49438837923343,26.659504079932976,61.66979916851023,43.22943229811234,3.244439645578488,17.957453106635224
-0.18704100085044945,0.04907880576179657,0,False,ckz6rvxvs001p386l9u5f2w3s,11,211.8529414754952,124.28928255865029,56.8928322446233,26.85487010394143,58.66771624364095,45.77452783813151,2.822635195277844,26.676922619482223
-0.11727040712795633,-0.03014283899204917,0,False,ckz6rvzvz001r386lcw1fqa7h,11,188.1980317352424,96.80941375305314,75.52159412531857,40.12879063026685,51.44018397027921,78.010589257325,3.2271250532025717,7.957175925925716
-0.04802034324870641,-0.03973142744108732,0,False,ckz6rw1y9001t386ll8rr5ixq,11,184.61500850708703,94.69161909565736,92.43726712392316,50.070288364650835,51.291398170383495,97.61926980099804,2.9825410458589765,7.095842481462851
-0.20373000270176217,0.0860514983132259,1,False,ckz6rw3in001v386l6bltg9jj,11,232.3981217386566,125.67910056705392,59.11968112616594,25.43896684012317,54.07922388821472,47.04018477171043,3.447039759284263,20.99047761653221
-0.08559322251655521,0.11001635070382171,1,False,cl4sse7t80004356hlgz3o2fx,11,237.42813015475383,144.48045146587958,89.47574395532689,37.685401429479846,60.8522888049147,61.92930811574702,3.0841595775720956,18.815693763278464
-0.11626572281319203,0.15860631300590983,1,False,cl4sseopo000g356h6ldd8ms6,11,254.5946984021599,159.99136196101273,80.44867861057082,31.59872499917238,62.84159213256242,50.28313880481551,3.3887476843023503,19.584760374248948
0.0399199964371737,0.4709156688277747,1,False,cl4swkq5u0003356p8vuhc7nn,11,392.2280399017359,206.63152846827987,193.28693252338337,49.279223528182015,52.68147797899581,93.54183940668813,5.2834393436341385,21.37338932681453
-0.14968506092318096,0.05480908292353659,1,False,cl4uq7un10007356p14ye3ifb,11,219.3365988619654,137.27268422939986,62.542523927077994,28.51440400351869,62.58539839755123,45.560793305798256,2.72090580222093,13.375461273494617
-0.04945063684020634,-0.15776177688338128,0,False,cl4uqf5bj000f356p05tutl57,11,139.8154578129749,98.95133839218572,61.49119426858616,43.9802545658723,70.77281721206296,62.1428626107822,1.2074285765825945,10.51391916503819
-0.13924737136039905,0.21664648026320432,1,False,cl4uqxtok000n356p228e7wni,11,285.7026974237862,170.72474703318875,79.76990131561992,27.92059789246451,59.75608510967283,46.72427559673743,3.358093193828683,16.63773148148155
-0.006846667623328528,0.10580383366222262,1,False,cl4ur3tl4000r356p5yynq6lr,11,237.61634221842908,162.77159131898435,103.41292694203727,43.52096576210016,68.5018504195963,63.5325403555086,2.0316198235196925,10.620410818184643
-0.026600652396490454,0.08229498517184436,1,False,cl4urtjol000z356puo72ztp3,11,229.73260856932168,151.61015719592191,98.16165993676842,42.728657698216225,65.99418260215056,64.74609732771177,2.2301992223280624,10.57663589865999
0.04511158905894719,0.1962406422571683,1,False,cl4urzbou001b356p2c0bz1ci,11,262.7844049238698,152.90538449877857,147.24495830155175,56.03260906757747,58.18662813840729,96.29808576344018,4.485158912950531,23.871527777777857
-0.10870793711270749,-0.07045894344052522,0,False,cl4us4ype001h356pnyet3ts9,11,166.98709737447697,115.07000932134922,58.307203952822704,34.91719113008227,68.90952123282852,50.67106911410046,1.9234212236688983,17.394568669821144
0.1634287964842327,-0.08743074620958857,2,False,ckz3vb89a00073867yfftbbpw,12,152.12023315830191,125.84383392560004,107.96614957023124,70.97422041016576,82.72655866536986,85.79375421290943,0.9848043931838194,34.874476302057886
-0.25321643051430676,0.40192320822755623,1,False,cl4usaxoi001q356pdh79ca33,12,353.756116774134,208.92220653063808,42.776579542598874,12.092110217817332,59.05825980785249,20.474884050358604,4.975474356886094,31.836922865546097
-0.35868190039569925,0.4403931021951025,1,False,cl4usazue001u356pderw22y6,12,376.0294758312904,208.21660698376473,3.885637334855168,1.0333331785401048,55.37241635737709,1.8661515001818,4.970597860760004,44.621442457439706
-0.10750769878765237,-0.15887205823293496,0,False,cl4usb282001y356py28e83k8,12,131.6695884656594,122.4835368303713,36.876854329597904,28.007115963012,93.02340673929888,30.10760081223735,0.3349295850711765,38.95518523679469
-0.2974739170885891,-0.2495079519037905,0,False,cl4usb4wg0022356ps8a9025m,12,96.3214119711898,87.86344996848952,3.92382139640579,4.073675121767758,91.21902199146533,4.465817581500602,0.3073466987994358,52.8661353894489
-0.2293055253076537,0.149408312233213,1,False,cl4usb6ng0026356pf3k6k434,12,234.3200355160888,177.3522379814972,29.335632197179027,12.519472409846404,75.68803819565822,16.54088639143057,1.8306356933516728,47.81424441452762
-0.2871595522183586,0.35065535878555654,1,False,cl4usbb0x002a356pyr8253q8,12,331.6882587046704,230.8878167905283,3.45592585472398,1.041919864218371,69.60988540631668,1.4967987062995836,3.226076195528808,17.194537505793672
-0.17516282742493994,0.5003020067832382,1,False,cl4usbdkt002e356pzvsr14tx,12,352.7986917419991,244.06763021135012,69.0447928607318,19.570592090297232,69.1804238293027,28.289205250586708,2.958581104574925,82.81985984584327
0.22525830919320655,0.3904526601764191,1,False,cl4usbg9j002i356pin0pkj5s,12,328.17191935274457,167.2096184303859,266.4182356397623,81.18252048049102,50.95183608645566,159.33188421853842,4.225065891795463,67.0249385700144
-0.2936044863254147,-0.29167447063288887,0,False,cl4usbi3i002l356p8slezp38,12,90.38581465586437,82.00245605774262,3.258153849541786,3.604718131873797,90.72491780923744,3.973239346938015,0.2728419050499898,34.99243814365627
-0.055774112358686345,-0.07582918415696116,0,False,cl4usbk4d002p356pvaqhzex9,12,152.42935463603524,140.86057859921837,53.574498784910205,35.147100709593154,92.41040148438576,38.033706319879826,0.4410828155529145,50.37236793563011
-0.25050230992819933,0.4801890084674879,1,False,cl4usblrm002t356p6kxea2n0,12,375.57160408576266,245.45123872753516,30.56845725133142,8.139182227512345,65.35404595483895,12.453983695419092,3.701924308675456,41.01147843449472
-0.1485572848845335,-0.08962798792092433,0,False,cl4usboop0031356pqrsxb2f6,12,142.93215958854978,130.35971153481057,34.27875372961259,23.982533971562997,91.20390534227514,26.29551210725023,0.4457619400317116,63.265741909971624
0.2617177422869763,0.32886507512416996,2,False,cl4usbqdt0035356pwch60gw6,12,306.3453582680229,153.71362351258378,267.8919256241423,87.44768555943403,50.17657991674189,174.2798845687294,4.221933622890591,57.59846422857173
-0.26769030511697445,0.08548555605255692,1,False,cl4usbskl0039356p9exjtlyn,12,201.30940400832804,150.36818272780758,23.079019698388706,11.464451853145391,74.6950613005575,15.34833984139166,1.3058772573338815,71.94991403855022
0.11159768394084546,0.10627883164915675,2,False,cl4usbunz003c356pzoktv3qj,12,202.59718693891503,148.60419293510927,133.4493368452044,65.86929407141304,73.34958356549878,89.80186508161144,1.6157283217625462,71.08654233576031
-0.26493971138490047,0.04084411860492254,0,False,cl4usbw44003f356pwg5sf7dx,12,197.83615600917457,152.43254953539838,16.779855636518114,8.481693121726423,77.04989452399661,11.008052865127366,1.3013094912120458,44.262322166604285
-0.18932634448432856,0.02968398627507579,0,False,cl4usc0d9003q356p8zx80o59,12,198.90587782067453,149.3678949895763,38.10528904376611,19.1574474627242,75.09476171651416,25.511030363268695,1.4243189596030634,32.487719289475365
-0.11873969619659641,-0.005654832671159737,0,False,cl4usc2ch003u356pogg4d2mq,12,187.3465307120717,162.68897045050608,43.96622261556276,23.46786057284048,86.83852849164245,27.02471009178729,0.5529568964495696,27.11467710357529
0.07160955257565615,0.24618941520062398,1,False,cl4usc4it003y356prri1ox7q,12,250.71419418178576,226.6347410104933,114.25659380717974,45.57244721626552,90.39565619733791,50.414421592093696,0.7913244970958626,57.50868055555548
-0.12982037044469447,0.3790761344582452,1,False,cl4usc6k70042356pmc7vv3ki,12,349.87130398964734,156.90782211715967,131.51304659086517,37.58897774444418,44.84729679968339,83.81548148228534,4.95761353114207,60.91011121244467
-0.25918921246972565,-0.3091533962799765,0,False,cl4uscb2f004e356pze7aeb88,12,86.39042394119181,67.79608373593057,11.336578605945732,13.12249447191373,78.47638736219318,16.721583285108803,0.3782814066445441,18.142268813635635
0.21706637036936616,0.35357998088864584,1,False,cl4w68esd0003356pk1jpkknr,12,315.9201846916895,233.16204021061495,204.1102402642416,64.60816692147587,73.80409720833785,87.54008160156306,2.456612777049705,14.124438794680676
-0.207334715193484,-0.08028179138798883,0,False,cl4w6cynw0007356pjvr1s7r7,12,167.89625717514667,79.54903562001282,51.19058504778683,30.48941406382016,47.379874309543744,64.35098131460991,2.364569984890555,14.952276192559133
-0.3057894227482941,0.33423922972613485,1,False,cl4w6e4s1000b356pojtp6w4u,12,336.9191840067333,214.0914487146447,5.597477310940617,1.6613709093005378,63.5438582536654,2.6145263365475686,3.1673014179422454,16.8719672883256
-0.05705477864403291,0.1449754903724218,1,False,cl4w6sh8g000f356p0kk7xfkd,12,252.40942349519676,178.1574824583316,87.02748310795278,34.478698102017916,70.58273815269098,48.84862645514045,1.9317444232708314,11.081660188529426
-0.3598869685121595,0.4188249660291695,1,False,cl4w6ur9q000j356pxf09lrb1,12,371.7840409199196,184.00210894981464,19.54261232412331,5.256441959092238,49.49166416464007,10.620863225786955,4.819587654221666,58.59821513622292
-0.043502964543838285,0.18941005950136386,1,False,cl4w7c4c2000n356p72nbbpg2,12,267.64199980807706,188.8974631844539,94.79277416503062,35.417749917055396,70.57840821691292,50.182131918027785,2.1268214351168666,12.344642878251314
0.1526927400360134,0.24981797806473394,1,False,cl4w7p8ng0004356pnhhv0bcn,12,279.1794586990427,196.29692215663215,172.77393079890356,61.88633347310664,70.31209354418927,88.01662751545398,2.5928138841728305,20.87660187298752
-0.3353141768041991,0.320703230130009,1,False,cl4w8yyze0008356psyneitgt,12,335.2961097756221,188.39474510127215,10.275477260485882,3.064597816945196,56.187572598842465,5.454227109658642,4.045710408208685,26.08182346255827
-0.35888434885286163,0.3322287942352139,1,False,cl4wcwssn0003356pn6o6du9z,12,364.9169309229029,180.08990968644457,7.05623494281753,1.9336551266535569,49.35093289066731,3.918173402998078,4.155434761443871,13.903951130479184
0.01266201226326047,0.37120928307686474,1,False,cl4wcy8rl0007356p54sq9ug1,12,346.6104728143593,207.8900728050764,151.63657806486833,43.74841211046822,59.97801252716909,72.94074989672406,3.3355106342204235,17.194537505794344
-0.12170172436285609,0.19901290370498703,1,False,cl4wd41vi000b356pvx4c10zb,12,289.6542914755791,157.58544951418398,93.36759079845514,32.23414723904652,54.404665890292904,59.24886535292162,2.997922584470224,12.653975466244411
-0.06797166772792268,0.12586392683228043,1,False,cl4wd9i8e000f356pe590i8ut,12,243.6186623462719,176.4678257347525,79.72879438988922,32.726882916943865,72.43608680681724,45.180357415254264,1.8271451647226693,12.06596836728093
-0.13943916532332185,0.10476865792122236,1,False,cl4wdhklb000n356p0bpdooil,12,244.37038891190628,164.08968473905105,61.462305662585706,25.151290193650432,67.14794106998134,37.456532237433535,1.6456602894046968,8.800293012583923
0.14076606384047108,0.06111466849018604,2,False,cl4wdk2d5000r356po224jy4v,12,212.22999920944383,181.5849516999763,122.14124615555336,57.55135777718945,85.56045440153596,67.26396929485722,1.078170921750195,10.263693489828643
-0.3148377396153449,0.1992042003966885,1,False,cl4wdr3rc000v356p692k64uc,12,287.36329006858284,171.08869609168363,12.492400856491102,4.34725007968472,59.53742249083075,7.301710248464708,2.936789732981229,14.825851348284283
-0.337129849355794,0.2519307917119069,1,False,cl4wduqh30010356pp93irp8n,12,310.9627312034949,180.6456268323676,5.09926454615132,1.6398314120846678,58.09237207726754,2.8227998848171665,3.072193774271987,18.59803259864421
-0.15717034369585953,0.2413070243489157,1,False,cl4we1r3j0018356pbsxv13je,12,290.6247721219467,200.55179595363137,57.63821573403626,19.8325198892031,69.0071236836891,28.73981529807019,2.317080442491599,14.912853101916088
-0.24204609961845175,0.0342353751337538,0,False,cl4wewudt0004356hktwxfdv8,12,216.72930831824988,148.89219692189266,25.652952421602883,11.83640210946161,68.69961339204582,17.229212109120912,1.678868333582591,8.777138658951277
0.028048072004160707,0.333320395017775,1,False,cl4wf5h0u004r356hwjzzj19a,12,337.8059819257741,190.22151015084992,162.33826740252056,48.05665858166805,56.31087675429241,85.34169835671196,3.359412891298587,15.143054078035584
-0.23268046236024903,0.317569032302748,1,False,cl4x04d1f0003356p1ugtmarb,12,317.7020683088699,228.00404453873267,22.50893769943004,7.084920101164357,71.76662265763632,9.872165971865597,2.7308564423867474,13.748971215818925
0.14028789290580657,0.27271935864568164,1,False,cl4x0drzi0007356pxym7gn3b,12,303.21635612097356,185.33865473937385,188.994875283276,62.33003974491176,61.12422730435745,101.97272422692588,2.9578332459982617,13.075374453350491
-0.25875878023083393,0.24325609321300856,1,False,cl4x0l0wh000f356pwn4aditv,12,301.006440399466,173.28817887812795,38.49043715846996,12.78724704607292,57.569591749650606,22.211807757261933,4.13622542485747,15.190972222221909
-0.2905675132800449,0.15395837012425495,1,False,cl4x0ozax000j356p7dmrcqof,12,258.3950936205655,172.33812822526383,13.50833726072665,5.227783961162462,66.69558845352145,7.838275487749207,2.650998171710109,17.255295778178546
-0.309852796502217,0.2797008778373593,1,False,cl4x0rw2r000n356p8st4f18t,12,303.5119858811457,207.2279379693335,1.5175085786032545,0.4999830811286331,68.27669008448429,0.7322895713163066,2.664519138327883,26.131932679670793
0.2656364845160655,-0.2007419070718149,2,False,cl4x16mfg000r356povntvh44,12,128.9619775357007,115.75881226371013,107.37681547413436,83.26238285576002,89.76197052473431,92.75908535543648,0.5037932201635902,7.965391907387776
-0.19090869406253358,0.3296766102759151,1,False,cl4x1bqe30013356pdqq72yqe,12,330.21209145697406,206.78173396327847,57.09284790005958,17.289750853202378,62.62088497453513,27.610198834196098,3.954755474871876,13.299172678566867
-0.25278679045893615,0.014903708674750271,0,False,cl4x2cjb00017356pvy8cojhg,12,203.2232614391615,155.52430702956394,15.472229010159976,7.61341438012098,76.52879199368765,9.948431409643783,1.27488622284082,15.58207409471818
0.08443255554010776,0.10032437027273983,2,False,cl4xo62nj0044356p35pbex2a,12,250.75049349175433,136.48759129781826,153.68647061468994,61.29059547384051,54.43163417036565,112.60105710221193,1.5163540929574697,7.962435130681125
0.003347313768635174,0.15451332176880278,1,False,cl4xo6up10048356p199romyk,12,257.12700595215773,177.92072085267222,110.45510018067732,42.957409227263014,69.19565690652385,62.081077263698816,1.6290814568333585,11.930282481532917
-0.24072366457294303,-0.22646725997378048,0,False,cl4xo85or004c356p6xlu1xiv,12,125.50410974395824,121.09455226794928,4.7719181415050995,3.8022007018258774,96.48652344133993,3.9406546802750833,0.1803979703503303,7.62509080866237
-0.25217418603198327,0.22150807124835348,1,False,cl4xofodp004k356p4ls3874k,12,283.6699285087686,187.30041819217223,28.368429406616517,10.000506418056792,66.02759029721494,15.145950916943605,2.1064706366307915,26.598345357132683
-0.23916417410540824,-0.13794251579096023,0,False,cl4xolkrv004o356pdssw4a9x,12,150.1515305047177,135.89331640763632,8.517360921757577,5.672510225588387,90.50411670853173,6.267681992695085,0.5630053375928001,12.63990767371686
0.04480880919465724,0.35772070188409677,1,False,cl4xoz7d8004s356p2671ry5d,12,315.68179368251094,228.3514488261785,139.25029879857618,44.11096920547267,72.33595772578423,60.98069423880631,3.2267486832017305,24.046253094031535
0.2279297052115492,0.11616683590908183,2,False,cl4xp3k1m004w356pbbhp4waa,12,231.25404517448132,189.17268876821785,160.83301804559918,69.548196626896,81.80297500330727,85.01915318371267,1.3079763223128686,8.755790875192906
0.38500232950758395,-0.12072968161806083,2,False,cl4xp6vn60050356pcfrqtng8,12,155.99311318321045,138.10372184810396,151.80069698753948,97.31243507477984,88.5319351796667,109.91788994253204,0.3281397363908892,3.2552083333333335
-0.29228386518917865,0.13488624050684905,1,False,cl4xp7oly0054356p5fg4w2xx,12,291.36732957323585,109.81236970948196,53.12258164430209,18.23216821258253,37.6886351226555,48.37577204174943,2.973246952457959,13.0565069161669
0.22239681833024527,0.237582383692847,2,False,cl4xp8jda0058356pwn2pcg0j,12,274.4115445339687,217.94703249692597,179.895728826518,65.5569098348372,79.42341961853826,82.5410315366672,1.4937780987121392,8.895576169799838
-0.04007003329611347,-0.02745979203613441,0,False,cl4xpa7pg005c356pztg5hyw8,12,188.3683035694998,183.77998222564625,51.1198132243332,27.138224560944877,97.5641754706568,27.815767857441603,0.1808167047139307,2.761821969646303
0.31440106092442144,0.03673378598702309,2,False,cl4xph5b6005k356p62e4rows,12,205.06231051583308,172.74518422383943,170.3406503661212,83.0677514252279,84.24033835827748,98.60804579385407,0.9430466886191065,5.318808293494393
0.09614240716208,0.2333540527491027,1,False,cl4xpiirs005o356p8pygyzbb,12,280.8664134636705,215.7138115010717,138.01874998427647,49.14035405024635,76.80299286798626,63.982342634370816,1.0011706738939206,9.31897159443735
0.36730489869362726,0.030134501347264253,2,False,cl4xpkeb2005w356pxgdkz2we,12,202.81436456991597,181.42632781506495,178.50247912106886,88.01273987648636,89.45437775070516,98.38840992417788,0.2833983768518028,5.04675737726399
0.1377907053466625,0.11265754952178625,2,False,cl4xpmmqo0060356pkbdih3ba,12,233.00239145904183,184.63545673473644,135.56274216612672,58.18083725117325,79.24187197331511,73.42183595910731,1.3438842387600252,9.369805136036303
-0.12532563036048328,-0.2868599345956054,0,False,cl4xpr1fe0068356pz3acw28g,12,97.95871112571903,73.1236046835378,32.91759968674623,33.603545114533176,74.64737320777103,45.0163799079737,0.553506725064436,6.252280307584425
0.1602062290466889,0.4841349723892854,1,False,cl4xps2hh006c356pwiuxuijz,12,395.8249328025085,188.3621329624081,266.2403280456906,67.26214191730251,47.587232979178914,141.34493162637142,6.580523981876193,24.86272203512205
0.17262426953715082,0.2934345031212092,1,False,cl4xpti8r006g356ppo8hcdd6,12,292.99639559889584,235.18760011277055,166.6701003588662,56.884693075553415,80.26979295497411,70.86687405243696,1.455940774207315,11.7837878036396
0.05646677510951803,0.016038332021890422,2,False,cl4xpvshy006l356ph50o12ix,12,202.04754775328936,161.85428214891337,99.14526258839253,49.070262762829515,80.10702626618658,61.25587860392494,0.9589160550535882,8.693941154186016
0.02475149376681063,0.07537242546816136,1,False,cl4xpxf0e006p356ptntvqy63,12,234.41735427011335,121.84434529928669,132.567287187322,56.5518229655335,51.97752772130021,108.80052485135565,2.373240668558322,14.41323701184205
-0.24764355584116682,0.19036002436405414,1,False,cl4xq0iwp006x356phuieqnqz,12,278.57482241056704,175.85956210886204,32.47306731435003,11.656856507473895,63.12830448463072,18.465340709905945,2.46543305095115,15.889672046070451
-0.06011100114375867,0.24374958713506112,1,False,cl4xqbsd60071356pvj4abzy6,12,279.6266349335845,217.33682106277857,80.87810032009179,28.92360391180244,77.72393395729247,37.21325264839953,1.7219402656988079,18.00110986419207
0.20284968167837203,0.3753029454868567,1,False,cl4xqgpdb0075356p7ksftdui,12,312.18909458495796,236.7780235725036,198.50939146842052,63.58626707711563,75.8444249589467,83.8377601406218,2.0659042452670957,35.62231554469088
0.13629228020698148,0.24266221360319185,1,False,cl4xqif3o0079356piktc0bfe,12,275.99324607129427,218.2769575379856,150.0515831290201,54.36784604876126,79.08778951844371,68.74366622180327,1.7326897108845307,11.895141661513668
-0.25015237599903317,0.14207120174323212,1,False,cl4xqonng007d356p998g0njq,12,255.73043347825543,161.73697667290986,32.60047374832533,12.74798361106963,63.24510324136381,20.15647529646555,2.3045274301432817,21.09046546589153
0.011233266747904924,-0.17847541028497335,0,False,cl4xqw4iv007l356pqkegr1x7,12,139.83213640212216,128.78676608985333,59.042656393932745,42.22395360115279,92.10097864735106,45.84528223399851,0.42016429854045234,3.582195313706944
0.04541930508388303,0.09891100065664327,1,False,cl4xqxqox007p356pz58ikr3y,12,254.40025601509868,121.60479205129492,150.57832352580505,59.18953301559108,47.800577702279384,123.82597838931268,2.3095178763642275,7.1363680720206775
-0.19981245918466828,-0.026843868668042392,0,False,cl4xqz5v0007t356psqbu5z01,12,192.4336646638884,125.85127415849227,40.276879779261535,20.930266982968178,65.39982200012075,32.003553439227304,1.611833743596479,10.357220097856358
0.10668548021021429,0.33856252457788427,1,False,cl4xr10a3007x356p0in786bu,12,314.76786824510174,239.56919750126957,152.90495375537853,48.57705286370441,76.1098007992109,63.824963872731686,1.8728474530232448,11.003933373730684
-0.21268991544484173,-0.007703878619447269,0,False,cl4xr3j3p0081356pd7l9ak7g,12,200.34457140748137,137.8633360395038,33.654583449391104,16.7983505682023,68.81311286398831,24.41155452654041,1.3605658410316406,9.906868238293375
0.3021176670379714,0.17685468252914666,2,False,cl4xr59d90085356pndhb1zxo,12,246.22570973481507,208.1326868542946,190.0766823457928,77.19611512157087,84.52922608222082,91.32476268797602,1.1778978598814984,14.424577982212016
0.17563292210773285,-0.16739499088812304,2,False,cl4xr7o9d0089356p6l2ngerm,12,142.92603472066935,131.03619370248674,95.08836164050014,66.52976962968165,91.68112300784124,72.56648636818241,0.2994909833349544,3.207345600501073
-0.2290005067555822,0.10965034665509144,1,False,cl4xr91xf008h356p7058b3u5,12,246.15350974226115,158.63113287786027,36.39315686807147,14.78474018354542,64.44398580542583,22.942001489766053,1.9509000712944011,14.46759259259262
-0.08968406461895329,0.36210077796423923,1,False,cl4xrbyhf008l356pthttyb06,12,338.90478396496064,211.28590353198564,102.91433023035668,30.36673871236854,62.34373591900387,48.70856432444246,3.276088845863875,22.875272425986623
0.37230425310731174,0.09994923886927343,2,False,cl4xrfc2x008p356p0tj63mlg,12,225.83949694368908,186.47868070765452,202.23453010838404,89.54790142789297,82.5713319553449,108.44914246547584,0.6393506027255242,8.499734399744314
0.2258793878980483,0.04763731228416329,2,False,cl4xriir6008x356p5lxr2psv,12,223.6524590443901,113.4752390830036,190.4120987781795,85.13749394563415,50.73730893362601,167.80057069445698,1.6970122092807354,12.002707976016122
-0.21860150876313628,-0.24358659656168047,0,False,cl4xrkfgn0091356pikphtzc3,12,115.93048763767644,92.69045831655431,17.948766090866474,15.482351930548832,79.95347919715876,19.364200390042587,0.5651632180526182,5.553554094185505
-0.26947522226644216,0.14462517128025532,1,False,cl4xrt0tp0095356pbvmy073k,12,253.00367667998515,161.5128946494369,26.153279735574177,10.337114495238929,63.83816107689554,16.19268838710356,2.8050350455104054,22.599102071489273
0.486487167628612,0.410291440972818,2,False,cl4xrwk1j0099356pbjf2bckc,12,312.41798009858263,275.21254983236895,288.69897791808586,92.4079266586986,88.09113667066357,104.90036813144292,1.9801276325511055,11.971635404423532
-0.2278311595255077,0.2336741325269146,1,False,cl4xs1p1o009d356pgsov5qh2,12,315.3347156942532,168.24599294900457,54.511790008589735,17.286961217883814,53.35473215455762,32.40005247858253,2.3908081594870807,12.085227706540984
-0.21830675822339313,0.17561468771178002,1,False,cl4xs3d2u009h356p2upakea2,12,305.089298092188,112.9660192671458,85.79413546714923,28.120991461727723,37.02719825754463,75.94685200357499,3.8999066242801734,13.914484998315563
0.24598877324000445,-0.00726667501133621,2,False,cl4xs8e39009q356p7vp0098s,12,194.2015498233722,156.77242747230528,147.8249811094987,76.11936220073765,80.72666135511844,94.29271683352152,0.6190120973672688,5.248865721548535
-0.2862416415153611,-0.21685117180735847,0,False,cl4xs92x9009u356pmgtmo629,12,125.53266103145286,90.36040412978454,10.208333333333334,8.132013811748626,71.98158900427059,11.297352453925631,0.402010763356407,5.363522576100616
-0.06352589842648754,-0.017040481665902774,0,False,cl4xsbtag00a7356p6yo2s3xf,12,204.13786342943257,102.9423165611488,94.25121639803405,46.17037467457148,50.42784069146214,91.55731048858595,1.725255114310411,6.159355601101868
0.10566455110615691,0.05610786357890635,2,False,cl4z3u9x8000j356ptlt2kwnq,12,216.97426994848675,152.08113869131589,130.06410065977468,59.94448129294503,70.09178495100937,85.52283457304333,1.665933213870841,10.48900462962976
-0.0003225529759064427,-0.19193960839399835,0,False,cl4wez06n000l356hmx66narq,13,116.14454551521295,98.49095499409756,58.16369347893509,50.07871288395256,84.80032752050067,59.05485786224812,0.5127316778766055,43.91157433560883
0.30821534039417164,0.048258983457554416,2,False,cl4wez7890016356hdkmlwvuy,13,188.7525259260369,132.42571403458854,179.8279573510831,95.27181502278232,70.1583798070495,135.79534659266665,1.8468933514871517,51.24265262854382
-0.08179258067091433,-0.24592334431861454,0,False,cl4wezdga001k356h50cpk5jb,13,107.12475744803298,97.57629238112555,36.800935782313395,34.3533433904537,91.08659352480734,37.715038032570185,0.2920340608126882,30.575092889768186
0.18152632134409485,0.1435557945489308,2,False,cl4wezj880023356h4fno9e6j,13,209.57265117518804,155.2585861719191,158.32057830570955,75.54448417668996,74.08341942581707,101.97218859793036,1.6153931285387149,81.1346926667243
0.32215700441831563,0.22712318042985236,2,False,cl4weztbe0032356hy99s7x7l,13,244.18225791058293,159.1916774323235,232.35882998228135,95.15794962767885,65.1937936828391,145.96166943530267,2.561833861089525,72.32711145459434
0.3299585662042862,-0.12621957403194464,2,False,cl4wf08be0043356h59jlarps,13,134.61217296179996,125.14419858932632,127.29138504733496,94.56157065636071,92.9664798033084,101.7157698736438,0.3353445198237867,50.38794782195608
0.32227191293235724,-0.1734997826005286,2,False,cl4xlxu2n000f356p44vxccs1,13,139.05739208940932,106.11619850182797,133.29902843398864,95.85900212214663,76.31108055988763,125.61609849950706,0.3595258638249572,3.6390993421907574
0.21840986671341667,0.09287836473601435,2,False,cl4xmb25y000n356pqvwcm5hf,13,216.0383804760693,167.8773737210629,158.85226007379944,73.52964770599898,77.70719876307291,94.62398449104931,1.6729145683113915,25.841071630572195
-0.20487443981000797,-0.18753424011488012,0,False,cl4xmczp4000r356p5kgem2ty,13,133.77462207566631,108.95660411885795,21.360324037078335,15.967396286118,81.4478878192826,19.60443261775753,0.6935973128106387,9.150108970395223
0.40325218669002594,-0.1211634794380525,2,False,cl4xmn1pr0014356po774hc34,13,154.05680442958038,147.04525617817103,150.1267009905067,97.44892576889056,95.44872537284496,102.09557580599672,0.1466186080995848,7.716049382716032
0.2628905668228152,-0.02905197787183761,2,False,cl4xmtqri001g356puyk4hg02,13,184.87007282721905,154.10460648501297,145.1795846720728,78.53060392730993,83.3583305985065,94.2084652649185,0.7889277475396297,5.524508531574798
0.40265478388074816,-0.09295554095652761,2,False,cl4xn0wfj001s356p4pw01850,13,164.3514154553541,157.7369720116626,156.39332638801469,95.15788224561946,95.97542654234805,99.14817331250116,0.1583878853412215,2.8863917112425863
0.08494969724493118,-0.25032332378885125,0,False,cl4xn3b1s0020356pfr6fl67e,13,117.78107678209318,112.69555881709242,63.80649854965177,54.173811526362755,95.68222833077893,56.618467683550186,0.1896052837680432,4.912860860533699
-0.06787879753014975,-0.32268501570962704,0,False,cl4xn774t0028356prka0yutx,13,97.95978967943807,96.25698318733744,30.818167253270605,31.460017782928528,98.2617291261314,32.01655218436632,0.0743552723022697,2.7726364422446808
0.00954264017531925,-0.10872221738323695,0,False,cl4xnbc6r002c356p7yewcpl1,13,158.78431750913313,87.5499998611098,91.96764206826327,57.91985223161185,55.13768691676619,105.04585061583288,2.0610002430802545,4.370181620065453
-0.20819693123678967,-0.25812466396438594,0,False,cl4xngzpf002k356p3ygt2hsp,13,113.27261800080528,95.76648806773493,16.96510153635657,14.977230892849994,84.54513523034676,17.715071188950024,0.3648706900012334,4.52473813773086
0.33077716369831445,-0.1885344211967443,2,False,cl4xnkpg9002s356psk3rvf3n,13,135.81595593728645,131.3789805996482,120.13732570691336,88.4559732896091,96.73309714825623,91.44333831681068,0.1401655356332629,4.52473813773086
0.2215718981063769,-0.17866079380299352,2,False,cl4xnosel0030356pcdlyenp4,13,136.96473570222267,104.8497981722086,111.09946773978888,81.1153813937422,76.5524042627763,105.96059284474312,0.5833504764577859,3.614184456520804
0.32216202314144093,0.08578074467694413,2,False,cl4xntqox003k356pqgw880oc,13,223.51773510528264,180.401937518352,186.95871012567545,83.64379230919329,80.7103460642074,103.63453558067047,0.6408757317384806,7.524539134227959
0.426331399167306,-0.11713597117427718,2,False,cl4xnwccp003s356pcgd7ezg3,13,157.34367938439453,149.4612795402307,157.4936688408825,100.09532601314191,94.99032952896256,105.37422757610592,0.1026783684029673,2.711566171338018
-0.08823862732591792,-0.16750067074552522,0,False,cl4xnxhb8003w356puoycnvis,13,142.8194078656622,111.1086644026088,48.31397905319083,33.82872102273074,77.79661466396715,43.48353867176576,0.6471628083082915,3.7684460860552016
-0.25999627118984575,0.2815221278381588,1,False,ckyw6zzlj001r3867thf0fuy7,14,249.7930342833624,229.28211355118023,6.646769022197085,2.660910477854665,91.78883398769446,2.898947902760586,0.9088418095408154,95.20346512602092
-0.2686651619233855,0.058242024692423455,0,False,ckyw704kw001v3867kvyjtx6k,14,199.63633435307753,169.79034712450513,8.216885783768134,4.115926998156418,85.04982205504402,4.839430464055059,1.129260515132038,47.75538429831952
-0.27249093927474294,0.35324981005035583,1,False,ckyw723jy00233867gakwo9e7,14,275.1895463797275,216.9373878470033,21.34072464757792,7.754918356575348,78.83198715246856,9.837273721866987,2.4479271153692572,105.61342592592572
-0.18278299000276665,0.04804061967636897,0,False,ckyw7dzmx00273867fyj9lsnv,14,212.85763576413945,205.68978994754636,11.627021902140909,5.4623466338902835,96.63256345450743,5.652697640026739,0.3262904278840283,4.8903418992295675
-0.153298470060934,-0.19539688526759108,0,False,ckyw7e9n0002f3867tn40h1u2,14,137.09529282423347,134.22555227135615,20.473693826459495,14.933914509164309,97.90675486097356,15.253201406144337,0.1290057812325222,3.1751030573780197
-0.21975154348363723,-0.2743542479803942,0,False,cl3jyjuin00793r6c0ivxhro1,15,100.02302465460365,70.2829851429045,21.02286849051264,21.01802916189362,70.26680645341759,29.911746701947006,0.610069278984613,7.8375400092323915
0.3847651860826775,-0.09840177285067309,2,False,cl3jz538s00953r6cklgxwd48,15,161.34446888936066,150.9057708988828,152.3228268835494,94.40845907646349,93.5301792107692,100.93903366069156,0.4414488425133916,4.638161666105345
0.2154359110044307,0.018077511669872537,2,False,cl3jzfaz9009h3r6c2pqqbady,15,195.4639386990825,147.11292865450244,147.9934172716586,75.71392363043245,75.26346273057732,100.59851205819172,1.6975979624902404,16.175260253904774
-0.1723551458317354,-0.16473606091931817,0,False,cl3k0tu4r009l3r6cmuk4qbb9,15,139.73676147510452,88.22523894579295,40.33618252395397,28.86583465807619,63.13674226771826,45.7195503304187,1.1388755232218355,7.450615096431495
-0.05318514460449858,-0.17088529738747726,0,False,cl3k0u6kf009x3r6c7u9wpmyp,15,136.91105916909652,84.76085749315169,64.6143221518503,47.19437753530652,61.90943084332216,76.23132193662725,1.10309414573747,6.405076279276358
-0.25264600325097636,-0.26018384470753286,0,False,cl3k0ubkf00a13r6cwl8su137,15,103.32283286921935,77.19622476077915,14.966465511410714,14.485148244390942,74.71361616506401,19.387561448490263,0.5513351635200111,15.767537349799115
-0.002714125873824025,-0.11989213563506648,0,False,cl3k17l4i00at3r6ceml90e9m,15,154.4192692412506,115.30998935767452,73.5471772409414,47.62823810935019,74.67331630583273,63.782138607964775,1.256071398194179,8.202069206053691
0.16543627162430208,-0.025456663996411277,2,False,cl3k1gn8800b13r6crkr981b8,15,184.19201808830988,143.48780183324664,124.84284505594132,67.77864011245377,77.90120512412877,87.00589420209153,1.6436748971358153,7.689630940925012
-0.20285457960424763,-0.1794351646662396,0,False,cl3k5uktg000b3r6clmzq4v58,19,130.9053243374206,74.03213925012497,36.9186539319868,28.20256098737859,56.5539557881544,49.86841432104702,1.1259865861237677,11.22987174208619
-0.17569891225450196,-0.32896365115036036,0,False,cl3k5ur8t000j3r6cj4lah4gn,19,83.93716684007155,68.0539480120161,20.59424309272507,24.53530881255976,81.07725168003547,30.26164343777499,0.4202592028024285,10.933433688999123
-0.30270701877732353,-0.24274830421909077,0,False,cl3k5wa0n001a3r6c0kq0w4yz,19,103.43949364087604,71.19766352549813,10.51374969492781,10.1641542556557,68.83025140541005,14.766986968838529,0.8255253168996681,21.90559784408344
-0.20068533765878077,-0.016099684853940976,0,False,cl3k5wqs3001m3r6c3lucysq8,19,200.7700558706581,94.9242715797707,59.42588996746671,29.59898063969788,47.280094219291186,62.60347219786404,2.2275988683373953,14.46759259259262
0.2394389847978391,0.3324709254621153,2,False,cl3k6chq900223r6cmikyp2xr,19,301.71124568417406,221.72638053784755,210.92153204760004,69.90840913778499,73.48959765654435,95.12694499227476,2.885487559700301,22.131161083302704
-0.06253578150311923,-0.11754570915332321,0,False,cl3k7yois002i3r6c022tx7e9,19,154.77559962410513,83.71242952787122,75.13557990021114,48.544848207785165,54.08632221821718,89.75438931108253,1.4791891687393712,11.647310610608397
0.11587896996757452,-0.2601601228025601,0,False,cl3k81f16002q3r6c33l27tfv,19,110.18670842560152,89.5673212324461,73.06590346504942,66.3109956809208,81.28686527824026,81.57651971685965,0.46685289922829265,4.771340814964599
0.19468082710560675,-0.16903543330654947,2,False,cl3k843x8002u3r6celfgetlu,19,136.7892811352483,115.06226181627358,101.91238418727632,74.50319450579758,84.11643139092713,88.57151126579242,0.7533843992758893,10.75381130448403
0.01691407257141664,-0.16236734907677142,0,False,cl3k868hn002y3r6c0qoe389f,19,138.5199889161651,107.8627717926952,70.32180399892208,50.7665388577833,77.86801936432136,65.19562109350919,0.9340327379080277,11.978918160082886
0.29791471345863185,-0.07540102044364763,2,False,cl3k87qke00323r6ckcpb0p4u,19,166.9746540163501,145.9681340715501,140.77845736363574,84.31127358398405,87.41933614502771,96.4446509226661,0.6506833490838596,10.03179156444414
-0.145697670891208,0.28914195218444283,1,False,cl3kdfqon00033r6c5igdkpmt,19,340.26385516764884,137.18681789723476,120.61728253836375,35.448161979748136,40.31777569487728,87.9219187288949,5.702602618358924,18.932656724974592
0.2506757109485427,-0.025575406965211323,2,False,cl3kdhvvp00073r6c8iipf577,19,181.70369058247172,165.06851046721994,134.46911562890114,74.00461443454735,90.84488594484468,81.46260922103895,1.0714107148360692,7.989989161738487
0.09513682526811051,0.18116956281948698,1,False,cl3kdryuo000b3r6cy0lkwmge,19,260.9105499337899,170.47688346939415,151.49284465949108,58.06313493185106,65.33920667932182,88.8641565803194,2.405970438614885,19.945479859610124
-0.2684008218547439,-0.011517873318067473,0,False,cl3ke51d0000r3r6ctleoea6a,19,196.84839837664163,116.7968255898856,28.91952585528408,14.69126804880101,59.33338881752614,24.760540972946146,1.954021924648668,17.732230238088828
-0.07843155746255043,-0.2032437093284507,0,False,cl3keak9x000v3r6cyk4xdhe9,19,125.76231770048577,92.65978644324922,49.33189939957524,39.22629631958882,73.67849777063334,53.239815558812296,0.8021379398790247,9.36560140062535
0.2973620044117332,-0.08921850541139284,2,False,cl3kedcar000z3r6cqv7p9cck,19,163.46294906585806,146.9110030242842,136.1365506452378,83.28281816963266,89.8741909795686,92.66600039667183,0.7261013432260787,6.510416666666667
-0.02823537917406882,0.2142049808255967,1,False,cl3kepbii00133r6ckj9sn5kd,19,296.76489261280136,133.1375617167923,147.98171577627272,49.86496700246454,44.86297571947001,111.14948619162534,4.491203574128894,16.96132850604622
0.11189671013088798,-0.000772249567935146,2,False,cl3keryt0001b3r6czoupo9sx,19,191.5000857942366,135.33089595422004,121.76584256513392,63.58526789171734,70.66884351144921,89.97638100787057,1.7014873625895404,17.026334340190807
-0.22630933787602908,0.03399723815520611,0,False,cl3kes4qr001e3r6c50ognslo,19,218.21903294328865,132.591504019192,40.023076998814375,18.34078194692379,60.760742191378995,30.185250024029607,1.8777565019796307,13.129777575291271
0.035639804586224066,0.35819910524893994,1,False,cl3kf15ey001m3r6ca66nnh5z,19,328.78660429269735,198.19109425246072,161.33819284101585,49.07079264621954,60.27955265355766,81.40536962548845,3.716223921078465,31.63907368146585
-0.06673158931929007,0.014853766040697491,0,False,cl3kf3zc6001q3r6c7vr4b4rx,19,204.01995387559305,120.25700875099471,87.73190613911649,43.00163021927429,58.943748621923945,72.9536740106142,1.940630304630881,19.106435596758867
0.26570456061612935,-0.005323797186864265,2,False,cl3kf4jbh001u3r6c856qshow,19,190.28574622071196,161.09234590842462,148.28708517455385,77.92863528651066,84.65812553378224,92.05098127930292,1.1935195423586742,6.047422937879093
0.250913330541939,-0.01571942589747538,2,False,cl3kfdr5g001y3r6crqbzo4rl,19,177.7430792577605,148.46597394178565,141.88660812171224,79.82679759696876,83.52841334906907,95.56843521421736,0.8633327471224322,30.15937893002535
-0.062250000478242196,-0.0350150682777407,0,False,cl4zdeagf000n3y6fmj0nmojq,19,189.72276789735147,101.3598669218734,88.03317374128726,46.40095372681741,53.425252037601325,86.85210075220586,2.356232196031178,7.233796296296193
-0.06975593683445552,0.026363330137741725,0,False,cl3l9sbf400083r6cvbbylvw8,21,187.90673604730983,118.98718293760405,83.47795534018415,44.42520640620709,63.32246807141936,70.1570986716774,2.3934149378725116,47.23619131167387
0.019914162143420122,0.13456415778459596,1,False,cl3l9sy3p000o3r6crvrc7d5m,21,209.6267843360043,166.920239797619,103.64197819941562,49.441190698842696,79.62734357937184,62.09071969047938,1.6675840915886566,73.4470817323398
-0.14048573359290345,0.08090322379618681,1,False,cl3l9tfu100103r6czizzmxj8,21,220.9723765944388,125.96813965379816,76.08842423436785,34.433455170741354,57.006283588556194,60.402911754896,2.345171292429499,39.4689608382629
-0.26003471026584085,-0.32152131594944683,0,False,cl3l9xw5u00283r6c9xt8hv3w,21,75.56064014531577,44.639084868374056,15.910911985976211,21.057142919087056,59.07716607816664,35.643454683025524,0.6536318831966444,5.787037037037143
-0.2780565161740887,0.27398533373809353,1,False,cl3l9y99c002c3r6cf9ssmaov,21,314.6335568821611,178.48957093081813,32.62891573682452,10.370450011803714,56.729349755171654,18.280572678092973,4.3580897452810605,16.93388297268473
-0.2847785484408402,0.19965776140735414,1,False,cl3la2ocy002k3r6c4l97swyz,21,314.28046972722154,119.05196478792834,60.060566386068864,19.110499115073292,37.880802740068134,50.44903416172674,4.96307697083908,11.01819025732652
-0.3163276025746481,0.2828074885170262,1,False,cl3laaxqk002o3r6c9tmx16ej,21,320.6920822211862,182.9525557972149,16.0560254145222,5.006679710741382,57.04928993882354,8.776059642653335,3.806890490392426,20.235244112701448
0.29317249905389653,0.05987287082229964,2,False,cl3lahq71002s3r6cswrlo9yb,21,209.91563020521488,180.5741672408779,165.73421647642127,78.9527756053222,86.02225906872557,91.7817974790044,1.2290495900475815,7.480814991712486
0.06775105511841284,0.1107939518926489,1,False,cl3lavkqa00343r6cfbfc0lnk,21,234.95784658118447,158.03488347374804,129.40024805921334,55.07381427863996,67.26095160186216,81.88081340959678,2.667141605081851,12.03943647069819
-0.13710444626544566,-0.036123264742833505,0,False,cl3laz8qa003c3r6c1i29k66e,21,187.25719667238909,105.66705721005584,65.41175921934608,34.93150617531967,56.42883642807216,61.903644282734085,1.9854152160517393,13.820148419084111
-0.2867722969411542,0.3220436486476028,1,False,cl3lbbdjg003g3r6c47a043gz,21,332.67906296215017,186.73442868933617,31.439361782561964,9.45035780208955,56.13050218028943,16.836403443773392,4.521111074203424,23.86056496306516
-0.3351801092299339,0.14031002192287945,1,False,cl3lbocc0003o3r6cz9of8unl,21,262.53351947678533,140.472508645378,16.497696162826802,6.284034204739186,53.50650420766531,11.74443050951353,3.9638345754245603,15.432098765432064
0.3134676415329769,-0.1158247066261884,2,False,cl3lhiipm00483r6clbu4zwd5,21,154.88903466161258,138.88344140624986,134.63848510078932,86.92576940319577,89.66641293211602,96.94351157886162,0.7219375145518472,6.795534660031661
-0.1035519335508509,-0.1833000548424477,0,False,cl3lhip0q004g3r6cy4brw621,21,134.08601759052888,103.7064217506024,44.26547531424619,33.01274518378482,77.34320372412019,42.683446759640105,0.8060778953076663,8.521630343951836
-0.2807103240313587,-0.35243300051247695,0,False,cl3lhj2kj004s3r6cqx38u696,21,80.70755612266647,68.5605473798937,4.866366155306823,6.029628933269258,84.94935378254958,7.097910301594164,0.3511201250956011,4.9180357962893035
-0.14718633860857055,-0.3314208609377607,0,False,cl3lhj62w004w3r6cfpkevjre,21,87.34246421080987,73.49522864823427,23.38265068917405,26.771228520342245,84.14604432369359,31.81519551573749,0.457924195770499,4.643736645169355
0.08665603982295678,0.01598176892647163,2,False,cl3lhjg4e00543r6cwf7i8tpf,21,204.54886215897344,133.39027312294397,124.25504408969414,60.74589845096487,65.21193602107368,93.15150286495776,1.6454552087456484,10.78111023476674
0.060779022980006814,0.0008903709057841991,2,False,cl3lhjwiy005g3r6cqdm1f5xu,21,202.5414207463513,122.30718760355596,120.2450119071473,59.36810923121436,60.38625934036719,98.31393744160567,1.6355671449400369,9.035932048182998
0.29804167118209546,-0.07708780454120112,2,False,cl3lhkawq005s3r6ct0r20u8u,21,171.59413149874922,139.64896094274278,147.2034740587311,85.78584405714604,81.38329657489523,105.40964505928956,0.3936684549619484,3.4722222222219066
-0.20226845042253588,-0.27910206637751195,0,False,cl3lhkh4n005w3r6c4bqrr6nr,21,102.52679576165951,84.19243983922475,18.763582633653233,18.30114995232298,82.11749837081028,22.28654101185864,0.5109951651604098,8.829973680363072
-0.13247344890864443,-0.040338544531222875,0,False,cl3lhkr9100643r6c07670105,21,184.80402643967793,132.60799426163982,51.55797863546817,27.8987312282924,71.75600922576464,38.87999281079738,1.327655637391759,10.653318882317585
0.26312777666353615,-0.08111447592925308,2,False,cl3lhlbnd006l3r6cx5itn41y,21,165.40590551887647,130.73709189862805,137.972834467709,83.41469673340245,79.04015971407264,105.5345751263088,1.0666755261355636,9.15010897039441
-0.1266625406798904,-0.17195334341614796,0,False,cl3lhmswg006u3r6cin3gjk6l,21,139.97338060845448,111.71446816928068,38.70571946873104,27.65220022584294,79.81122387961605,34.64700687656709,0.8336443250848858,5.220821220186842
-0.14456062590871993,-0.03237481654760438,0,False,cl3li3r1200723r6cali2onlm,21,188.46497715324375,133.55559457666195,49.51301514510175,26.27173276064017,70.86494084684279,37.07296223871841,1.4856519553053966,9.023417899023707
0.2751326792344476,-0.11278171937647807,2,False,cl3li4a0i00763r6csy6hcc2f,21,156.02681933750844,126.99186116107091,132.5875595373586,84.97741612648827,81.3910465523041,104.40634409569786,0.9648923826418176,6.365923409743482
0.08347593981682389,0.10297349597828903,2,False,cl3likeil007e3r6cot4qb4oh,21,238.6635611502528,147.3073379449319,141.61094377448865,59.334966381959,61.7217547726916,96.13298682203276,2.242762728199218,11.503530518785114
0.27265345367255966,-0.04509052898875077,2,False,cl3liq9gt007m3r6c37qu2a3z,21,174.8839008700349,147.25210541176807,142.5448667960624,81.50828411701242,84.19992044962366,96.80327924511327,1.181093552097812,11.32268217773378
-0.33910143878872245,0.19326912851480305,1,False,cl3ljrszo008a3r6cqz9s76mi,21,291.3651064878952,160.852900619358,9.44967992141976,3.2432435150955,55.20664521509566,5.874733924619404,3.25638230391481,12.781981366414977
0.13587095583525044,-0.013374863799418435,2,False,cl3lk7rxk008e3r6cvl9tfyaz,21,190.7413136335659,138.9498173526493,124.4584836300528,65.24988281728552,72.8472582607806,89.57081484618433,1.5032736200566756,8.932493657658087
0.0022032243173304433,-0.046308540799299136,0,False,cl3lkfleb008m3r6c4f15engp,21,184.0340137061964,111.59108663329428,96.45069017678227,52.409165150721705,60.636120674651686,86.43225286777098,1.7702406249501759,7.278867114257128
-0.161651494778359,-0.1033318411914704,0,False,ckyx0p24500033p676mfyier1,22,153.1572947662195,126.73153325576692,33.899933451853876,22.134063874397235,82.74599877806077,26.749406861067275,0.9259809643726612,27.54547564331575
-0.26527507513533227,-0.2256266512909382,0,False,ckyx0qtt7000z3p6705syt8ow,22,116.21070409494652,106.53268303889972,5.561617147305422,4.785804535493965,91.67200549087144,5.220573619904639,0.41788006797033644,25.320870403916324
-0.12707590055963103,0.3438310877419476,1,False,ckyx0r72g00163p67jwcn3suz,22,305.00578029304705,231.9761189566656,65.33248448703485,21.420080768391973,76.05630251786863,28.163452678178185,2.4233475328334064,41.28337116140113
0.3953867155509456,-0.08311160100561762,2,False,ckyx0sop6001a3p674my7phj1,22,166.46266487338173,156.1355184023541,158.0900299251296,94.97026257832609,93.79611849967506,101.25180454951884,0.4417377257754616,3.163493866561306
-0.13769863288179413,-0.10977401619301441,0,False,ckyx1ir2e001e3p67xsx4qrbg,22,160.8794480979755,154.52040733152688,26.792018865729226,16.65347512220013,96.04732559588597,17.33882231377139,0.3879186378861943,7.791037047357978
-0.10026350486840035,-0.21379021278175878,0,False,ckyx1my69001i3p67ee1tasgm,22,126.3271888534745,104.0299605814678,39.74556010928961,31.462395759783785,82.3496204780833,38.20587827500341,0.6739787045122912,4.631889639346671
0.23861222272714377,0.2349104049692855,2,False,ckyx1t1c2001q3p6769mv3eh9,22,264.89497983443954,232.49425669335497,171.04847176036608,64.5721832355117,87.76846463404661,73.57105254688854,1.4178120145470208,10.07551235328713
0.04642704436350398,-0.09331813296425615,0,False,ckyx1z2ha001u3p671pqv1qma,22,163.92256239958877,125.5625945933544,86.74422167058735,52.917804846860406,76.59872610292321,69.08444505429043,1.336550642605832,6.269290123456746
0.4069858962278128,0.2053166088523819,2,False,ckyx22w4p001y3p67emdd4c89,22,255.01860675378913,222.99025980771611,225.4351478075806,88.3994900125973,87.44078035960914,101.09641022077498,1.0508635960138275,7.274912087254341
0.07097080448132531,-0.22027949974046113,0,False,ckyx28cvd00223p678axpyzqw,22,107.95017220892632,63.52087474971571,76.17087339085066,70.56114115633818,58.842772966380885,119.91471101583274,2.3594036655487147,7.233796296296192
0.2466127201857633,0.15759167982273065,2,False,ckyx2afup00263p67j6oifbjc,22,238.12263127922284,199.7464706874785,169.54737912221128,71.20170737715385,83.88386673472276,84.88128903538103,1.747887626004971,15.964252574228643
0.09638547457268565,-0.10974131867472378,2,False,ckyx2coed002a3p672qervr0q,22,156.83291823839212,122.1815256250395,94.96309500369028,60.55048651160255,77.90553602995439,77.72295731117377,1.0617225751870143,10.049510987738186
0.29964950487016095,0.0791788192718163,2,False,ckyx2d60s002e3p67p51tggne,22,217.0818300393683,194.1423473310752,167.04646151974487,76.950918227219,89.43279467280473,86.04328927520221,0.746819125948765,5.83207302394292
-0.027639179570164707,-0.006003196736371952,0,False,ckyx2gylk002i3p67md8s90pn,22,191.17962052852715,174.59994749370347,62.46421488348958,32.67305098252818,91.32769853345864,35.77562065747025,0.9000816406205557,9.431716442711776
-0.16127607652313042,-0.008955974931920352,0,False,ckyx2u8if002m3p67nqz93mnc,22,192.01428715559467,181.01367783848616,22.610163421185824,11.775250558758769,94.27094229285429,12.49085908378719,0.8149950644151419,7.689630940925168
0.2622885721449689,-0.16743165990777473,2,False,ckyx2xnzm002q3p67zdo7t656,22,136.91885607072732,101.37063154493876,121.49632231802556,88.73600452465435,74.03701320187366,119.85357145986096,1.3653727454448643,3.616898148148155
0.23130229422455506,0.0268706561695089,2,False,ckyx2xxxr002u3p67ogf9zbkf,22,200.2102495679013,183.40531459269192,136.77543555625692,68.31590083497177,91.60635631218771,74.57550282008401,0.6964080425472391,6.909022367811229
0.2110535753850865,0.20848274990392102,2,False,ckyx38aw2002y3p67lhj2e7qj,22,263.44967546280554,198.09848198048508,178.63025216952258,67.80431665202109,75.1940504889531,90.1724487657203,2.577778785122324,9.04224537037099
0.2604365609730852,-0.20524603896378074,2,False,ckyx3aw7900323p676a2t3bd5,22,126.88538860433177,109.98601266705,106.68211546783746,84.07754166281951,86.68138536425239,96.99607511982992,0.8595126651850488,5.304783950617302
0.15923536936495497,0.07681668643056155,2,False,ckyx3ekcp003a3p673f2dlz95,22,219.10029392758136,161.70712404054552,143.85297357168648,65.65622117295462,73.80506942359199,88.95895862671925,2.292587433218837,9.063920779905445
-0.040972141127840644,0.04927091630537561,0,False,ckyxalijp00033p679rse7nxq,22,207.9943597492461,196.25491214889095,57.80468605044546,27.79146805717889,94.3558817582804,29.453879863445813,0.7594564839099051,10.532566390741456
0.01615655326730714,0.012409689725584372,0,False,ckyxaqw1300073p67tv2twa44,22,198.45009874450955,184.08356162553133,73.7275250795825,37.15166963685992,92.7606298964486,40.05111832286328,0.6818823170007239,6.028163580246845
0.2601294573037731,-0.18367272454590744,2,False,ckyxaz1ye000f3p67ejlkg8pi,22,132.59046658148327,105.41234664551246,114.74573910854184,86.54147018784718,79.50220657888059,108.85417388004493,0.9420795838820206,5.83207302394279
0.28244633088809556,0.12924553913666498,2,False,ckyxb3teh000j3p67hn0htc0x,22,237.33284286059964,172.68951352720347,193.04306514350623,81.33853823884479,72.76258584600312,111.78621168163548,1.9340890775732151,11.01819025732596
-0.1224289738283138,0.018496725657317747,0,False,ckyxba69s000n3p677mfwc360,22,201.89329454322308,167.96522417209553,45.23556348959079,22.40567899589472,83.19504842996956,26.93150544260452,1.521300068108989,8.0876301269514
0.17123990310967785,-0.07296162127252048,2,False,cl2k8lcht00033g6cw07bj64y,23,148.0176483135156,108.49335468343304,116.1818970172508,78.49192197079525,73.29758033557842,107.08664816960612,1.519730087247236,49.61614422388228
-0.06065015022013259,-0.1628176197178869,0,False,cl2yuj77700033f6ctsgljtik,23,139.67859971391073,91.4133107693572,61.91138508768129,44.32417364899705,65.44546620354848,67.72688196786622,1.3938490537378214,5.069395264667376
-0.07390614635609977,-0.22445247277642372,0,False,cl2yurphq000c3f6ct5e98hvn,23,117.6663053102632,80.34927269470462,50.27931980446832,42.73043134301831,68.2857105803052,62.575948876985855,1.0446803350392495,5.037756176643357
0.21607274744001825,-0.03872523898315139,2,False,cl2yv00y8000g3f6cqg1na0wb,23,181.49775742245785,129.08745182319387,142.3251814346575,78.41704683071018,71.12344177494563,110.25485391840785,1.5537031039130536,7.299058185261287
-0.28428060287366547,-0.29747465847449867,0,False,cl52f7o6k00073b6go0q8axmt,23,91.10601213551892,63.3507979049076,10.830867569483662,11.888202892003328,69.53525505064823,17.09665533454098,0.6739432736388005,6.452286782690566
-0.21340816450073852,-0.2983102660299905,0,False,cl52fbxe0000b3b6gvqx245im,23,83.14046811463628,49.95172669328029,23.106035767497843,27.79156323204559,60.08112273845455,46.25673084211153,1.00531006753371,7.824547038767513
-0.3126832555076885,-0.20055720822983664,0,False,cl52fkcqa000f3b6gf75n1t7a,23,127.51243032347554,88.89719727939962,7.156168234582869,5.6121338260348335,69.71649513218736,8.049936841193514,1.0208233155894797,7.373427328014281
-0.10004343507432811,0.22854106196050383,1,False,cl4xsge0j00ao356p13tlqptg,24,299.9160495764861,166.0795545616548,102.10576399657234,34.04478157829723,55.375347466791816,61.48003242546448,3.2636369801284113,11.6641460478857
0.32169822199045495,0.20651513875965832,2,False,cl4xsgkex00b4356p4rm0x8xb,24,261.4753249015622,204.53319264573727,211.9988779645196,81.07796712532281,78.22275112297423,103.6501094136409,1.67145118685865,9.316974868037276
-0.2978127413630597,-0.3391013838577305,0,False,cl4xsgom800bg356p4xh90n9s,24,83.82948331969517,69.99979794811662,3.308163422180807,3.9463006226158814,83.50259977287806,4.725961387249711,0.3067518950765611,7.017506138654604
-0.03132884019512938,-0.037870202717599055,0,False,cl4xsgq7700bk356p8b91lbqv,24,188.1899975107083,117.7226794769832,87.22245954902084,46.34808475623565,62.55522665081315,74.09146643325793,1.4846681183097366,8.422188077051393
0.0877228882778216,0.028868205619545395,2,False,cl4xsh1m900c5356pe0on7b2b,24,204.5503965012901,177.3183904589006,102.00167482792752,49.86628066853159,86.68689647726117,57.524588715218336,0.6907633578628372,7.833904149699594
0.4111139142679634,0.03292399927998935,2,False,cl4xshk9100dd356pnpzahm5y,24,201.9335473561319,182.9226941759323,189.6575426625569,93.92077004821545,90.58558945301353,103.68180040041786,0.4452738925039143,5.140578126284971
0.24015626202627138,-0.1416405518610796,2,False,cl4xshuj200eh356p1im93hd7,24,149.16998445055066,121.11935831005086,119.91750500995468,80.38983542946397,81.19552921868241,99.00771163514622,0.5641820679657971,4.665658419154309
0.41331101151668703,-0.07398584541267633,2,False,cl4xsiq5c00gk356pomjqcg9s,24,169.0569088062277,160.8684944350156,163.35182088800434,96.62534470876756,95.15641541713174,101.5436996919194,0.1502700805112438,5.355574687124214
0.06710422688206374,0.0642476077990714,2,False,cl4ye7gk90007356pzvhpy9jz,24,214.66081535108293,190.2494533679896,96.94203346104568,45.160563329872126,88.62793754734977,50.95522312673128,0.7584927492128172,9.229195220392397
0.2880740868261854,0.046261227443410546,2,False,cl4yecqmv000b356pz10agwqg,24,205.0536026691743,181.04708828747013,159.43393824422236,77.75232240198532,88.29256639765781,88.06213883488147,0.8221393169978555,10.133771503271452
0.3106762946459808,0.03268990199343297,2,False,cl4yef7ve000f356po65wg3a0,24,201.33609595518345,177.4041463798698,163.85987845510437,81.38624009654923,88.11343318157874,92.36530362950845,0.6768482293882134,9.548885114615109
0.3935806352612805,-0.032388423632803864,2,False,cl4yeinyq000j356pu65gmiti,24,181.9010193441015,168.40100806157204,169.43682524535106,93.1478151449102,92.57837513434076,100.61508965753951,0.3762005881763669,4.422092510294485
0.3209152378858574,-0.04478610083909468,2,False,cl4yenvr8000n356pc94w4l2z,24,178.31410202126685,151.13537278915135,155.44724838201176,87.17608232885145,84.75794739505572,102.85298902122398,0.676566803071123,7.249853577533165
0.1521912263542331,0.16839292384881344,2,False,cl4yeq6mi000v356pa8cqxrei,24,251.27998824712589,175.02468610564637,161.947974071565,64.44921268950965,69.65325306108943,92.52864705828516,2.248547561215406,19.651443442138092
0.3428956210842944,-0.03038234935464995,2,False,cl4yevl940013356pzkpqumm3,24,187.9268267401237,141.63180502047808,174.95170624317896,93.09565285488088,75.36540018117526,123.52571953586502,0.47296918909060776,4.400146506292409
-0.2570109285599341,-0.19384068271137597,0,False,cl4yewemo0017356pivxsjhs3,24,133.97252234483858,112.49484555419558,8.884060958783895,6.631256024214253,83.96859563832012,7.8973049076314386,0.6097257781679036,6.0426138532709555
0.06105425508303142,0.05927657326099689,2,False,cl4yeyegs001b356pwpb7zxqc,24,216.63077958194364,183.88238998224236,98.95640189856874,45.67975155217363,84.88285475272744,53.815050972594506,0.7528079859775383,6.044117103250999
-0.26393145845329846,-0.1090744274188119,0,False,cl4yf032i001f356p2yd4z0tg,24,162.74750483873694,134.76350622169315,7.229373166389468,4.442079264780681,82.80526718687788,5.3644887767291864,0.7461591017099887,7.333577510486753
0.43489654146888224,0.12129464789487454,2,False,cl4yf25i6001j356pmma7nzu4,24,226.12683397134705,210.4294350958687,210.36199243034815,93.02831899066148,93.05814413982051,99.96794998499624,0.6475222971523664,6.858344257970434
-0.198540498646798,-0.15970737465866422,0,False,cl4yfu8pv001p356phx9jihls,24,146.77816085610576,129.37370146103945,17.998433612026687,12.26233760325658,88.14233718861703,13.911972378286531,0.5000677209064883,4.225290609703833
0.2000749009070364,0.008139039023082717,2,False,cl4yfvv49001t356piy5wgc7r,24,195.22116145740728,175.249743883805,127.56207345305526,65.34233917099522,89.76985003853714,72.7887360209965,0.7301410757125694,6.950469993903041
0.17020734371478974,0.003874697687305695,2,False,cl4yg2zg7001x356pgf8m41o4,24,197.48084659013503,149.81015280035535,133.77750192099828,67.74201358304333,75.86059883127874,89.2980211423167,1.178788134118071,7.56768654826212
-0.029512294066798006,0.10166808444253184,1,False,cl4yg6z0l0021356ptvqil6cr,24,234.84243174286567,169.77250307753573,90.66446286933969,38.60650828578128,72.29209041040059,53.4035024670237,1.7297884784451931,10.850694444444382
0.2454050342745212,0.21108703796395456,2,False,cl4yggtg70025356p944g7cbo,24,264.7918601394441,204.5963488248287,187.78871879003944,70.91936991233287,77.26685734111489,91.78498045965638,1.9748449090212585,8.286477757252884
-0.024662559894614078,-0.27784173666222034,0,False,cl4ygjuzj0029356p57q7d74p,24,99.51408405944773,75.26880799321634,48.657611223148805,48.89520079799129,75.63633701160558,64.64511996461285,0.6137090972307983,9.646003582967918
-0.012177113785980409,0.2915147330883443,1,False,cl4ygmqop002d356p9i4s1ird,24,313.4804491038658,196.80100648442456,127.9732361704958,40.82335486513684,62.77935579300459,65.0267183367398,2.876859607872733,13.657216684515593
-0.025319161048680816,0.09244098911307358,1,False,cl4ygprmq002h356ppl30ie7v,24,231.19162165034552,171.63752785819065,88.70113787009954,38.366934423017824,74.2403754223306,51.679337833032456,1.4470119112066893,10.8576848624552
0.13166678049308922,0.08060699952940331,2,False,cl4yguioh002l356p3ufzdg9z,24,228.3328688571152,155.05732636748854,144.71270009815436,63.37795378409221,67.908456256694,93.3285150004346,1.7188439114158551,8.135117866433971
0.453227630417236,-0.014031368644157882,2,False,cl4ygz34o002p356ppfe5o7sb,24,187.29378462979705,179.96293266743828,185.60205279303517,99.09674961178996,96.08590750790324,103.1334897925995,0.1269501484082262,3.2350520507805682
-0.11218919481911771,-0.01922065748248636,0,False,cl4yh3v4u0031356phoomvwr5,24,193.5139553824278,163.2885884830551,44.94635382566893,23.226414723860437,84.3807818202876,27.525716428330284,0.6060494401908563,5.519177994093021
0.030856040605810264,-0.1328917472486538,0,False,cl4yh90pk003d356pj4u39x5p,24,153.71283025009967,115.52389440303484,79.61956170283138,51.79760308445673,75.15566151184048,68.92042734038903,0.6953494690881495,4.750492090004806
0.40917889135563457,-0.07095327761399059,2,False,cl4yhaoq6003h356pe5ppk1o7,24,170.93921704538,159.91826273875603,164.64243750242892,96.31636341163336,93.55270575288866,102.9541183619474,0.2590705982195909,2.7708639829583386
0.29431101038079877,-0.09935646513037372,2,False,cl4yhbydk003l356pfy3whii7,24,162.58529386338162,145.26121668123136,134.66546481693806,82.82758029154577,89.34462227764126,92.70572551547248,0.42089372012258547,4.278533661507224
-0.06998198619945989,0.12359983283409848,1,False,cl4yhgh5l003t356ps9oanlz2,24,250.76393375978017,168.63024104194005,85.62392826966506,34.14523252442223,67.24660859861919,50.776140590565554,1.438272563142921,9.770714123207547
0.16823486672493282,-0.01043208962929093,2,False,cl4yhny5q0049356pc4yysols,24,197.19342232848112,125.79976715366212,144.25929335952165,73.15624002874559,63.79511327923871,114.67373638562586,1.252123759226107,7.59781857241509
0.33298477831056805,-0.003763905510932253,2,False,cl4yhpuyn004d356pdnyh291k,24,190.90958998973645,166.4635891003795,164.32405477440432,86.0742798636981,87.19498539037708,98.7147133270778,0.7786111002727241,5.887883606807218
0.004025606459963416,-0.01384813892092035,0,False,cl4yht3hu004h356p1747l589,24,193.97128693230616,141.7350377528937,88.81793607541604,45.789218332305296,73.07011258958016,62.6647704643538,1.3655079255646023,7.1860696706378455
0.18732530471911024,0.08190721711232557,2,False,cl4yhuijk004l356prmyfv66t,24,224.03712318828124,164.2678778667458,154.53259636132455,68.97633488689955,73.32172254715785,94.07353304136642,1.5363544884969118,9.720121706571485
0.23839619913858567,-0.023045362318536766,2,False,cl4yhyfa2004p356p0rjgtmhv,24,186.50239893953707,147.58396941533405,143.78202165328028,77.09392612150448,79.13247778822398,97.42387484418836,1.0622282027551992,7.323660565436079
0.14628350977224613,0.07160475697861479,2,False,cl4yi36dw004t356p0v7hg3xn,24,218.8385343914412,182.9536624035771,127.61234324699107,58.31347006680648,83.60212378151097,69.7511826603893,0.7095102699839178,9.21223319305157
-0.11294547799683502,-0.08410731612697514,0,False,cl1xjczhw000w3f6bjpdezu1r,29,169.81926619595825,157.73404538173477,35.54788483186273,20.93277496019988,92.8834807233956,22.536596170999555,0.4009413908275764,6.5828539942133855
-0.1696053332349583,-0.31273004142270405,0,False,cl1xjppwx000f3f6badczuxde,30,82.20431874430622,77.08350034465136,18.88010968636723,22.967296578532792,93.7706212059454,24.49306220131619,0.1827818503456114,42.01210531172299
-0.1800229380914538,-0.27090649553295937,0,False,cl1xjqd2e000v3f6bu8wn4l6o,30,99.90797971803096,91.9749528105634,19.352088104404466,19.369912352368264,92.05966637514156,21.040606722857554,0.2859231188285548,29.73785415378267
-0.2585063932371028,-0.12774757022172453,0,False,cl1xjqp7y00133f6bk6y0p790,30,136.15599120552767,120.21236560367748,11.32426625581927,8.317126668870026,88.29017697959155,9.420217461782352,0.6403318006276567,49.91319444444441
-0.10083858357518177,0.5066125501632597,1,False,cl295wlki00073g6cuiy8wn1n,30,411.84336126806335,194.32000194920153,146.10058594420582,35.474794469033796,47.18298756859679,75.18556220599409,8.096316580363684,24.252104476620534
-0.16221708914665622,-0.3590365963469352,0,False,cl2a5n8ms00033g6clsnps8u7,30,86.44140960772535,83.2804346290969,16.114961991907574,18.642641374126047,96.34321676037784,19.35023762025043,0.080550920887236,1.7050221382778246
-0.08792763817852811,-0.3421574795603454,0,False,cl2a5xma9000b3g6ceejjo0ph,30,91.9064520293722,88.90847603261858,27.141712251530148,29.53188992961667,96.73801356645176,30.52769934058081,0.0851152774116972,1.5787316768670778
0.01932683188077089,0.38707824602126095,1,False,cl2a6rshg000c3g6c2xuokow7,30,353.4671003599617,190.63735734566265,170.5304197220082,48.24506143523526,53.93355057699076,89.45278202362161,5.626667356983873,15.53583014678431
-0.2020575362764897,-0.35629682050475003,0,False,cl2a6y0r6000k3g6cjw7il1ik,30,85.15306682463131,79.78583759873679,11.818174011385905,13.87874148528892,93.69696309711536,14.812370675134725,0.1829921079883358,3.0716909605122673
0.16095550255072544,0.3646390378022192,1,False,cl2a7mwlw00033g6cv2i3nh16,30,339.71091735177635,189.06677986285425,223.8492951618219,65.89405395235568,55.655196876429024,118.39694700687151,4.571374664725194,16.87196728832497
0.04282267263749495,-0.24384756482733122,0,False,cl2a7u7o5000f3g6czlbiqfu0,30,118.95093397831238,107.92974502347154,59.25817251332439,49.817324279377736,90.73467640291898,54.90439405785447,0.3322744190826209,3.761574074074285
-0.22801628216266684,0.14733425239356718,1,False,cl2a835jz000s3g6cjsdd884g,30,258.50021187573316,161.35031301333456,40.779544548074945,15.77543950628504,62.41786489942967,25.273917221781144,3.0922271260669065,13.387409956106342
0.10677599215217859,0.3541594666544403,1,False,cl2a86aln000w3g6cdjirqvay,30,333.34319940561215,196.5664710283636,191.5497707360067,57.46323041164817,58.968195955058754,97.44783519482678,4.584199934198432,12.83418536089091
0.18528267840972446,0.36879114352345277,1,False,cl2a8moso00143g6c34pyvkh8,30,323.16002774978756,218.25392853223985,206.62885835061255,63.94010416121101,67.53741483808352,94.6736032382986,4.20091872420098,14.546247258707982
-0.1547222866421547,-0.23573835694078424,0,False,cl2ewyr6y000b3g6cxz12248a,30,120.9113781273414,105.19215111780176,25.926463933943175,21.442534470691378,86.9993814866749,24.646766568076785,0.3951354235873749,4.936105347206593
-0.09380217111583222,0.5002161737198841,1,False,cl2ex5yos000j3g6cdfu69tvz,30,403.55009896543544,205.89545535794736,137.39957517749863,34.04771192715457,51.02103949070833,66.73268962572814,7.870599549958651,17.243919908941113
-0.23905035667510915,-0.35052111123162855,0,False,cl2exbmcs000n3g6ch02xn4u6,30,89.29135165291646,86.72194846816471,5.4059595858821,6.054292477165709,97.12245011729776,6.233669424374853,0.0963259193561316,1.808449074074107
-0.17109441776874934,-0.22874594207601523,0,False,cl2exruud001g3g6cfd8t0xrb,30,124.57915032297448,114.62687517337876,20.283372006568182,16.28151416507742,92.01128349021953,17.695127757682126,0.339164015778914,4.436858664757574
-0.15803346015643505,0.30101628206705455,1,False,cl2k3fdbi00033g6ce3bcsbit,30,356.38242321118395,133.35883377560918,122.46750388810943,34.36406958138282,37.4201490000487,91.83306453787262,6.1667479996219665,12.5813998342923
-0.08993915716951978,0.31745925057604696,1,False,cl2k3jhak00073g6c1735cvtz,30,355.3987675804373,138.5452565511336,150.30248953800177,42.29122418213896,38.98304360883207,108.4862039159954,6.349323430224442,14.068757478860494
-0.2696307813661672,-0.19712639219056666,0,False,cl2k3myz3000c3g6czbz9va5l,30,134.36584800030192,118.76130557882776,3.330990886615348,2.479045781490445,88.38652629837972,2.8047779286195236,0.4767289436548124,4.965099412127064
-0.12860460527251905,0.26873295797213503,1,False,cl2k7uim400033g6c3pp7yv4o,30,331.70353461996257,137.51452151524603,122.35475754315976,36.88678134929835,41.45705642624471,88.97588137962177,5.545449442153888,12.731846819487163
0.37640846259938154,-0.19578062547537273,2,False,cl2k7y4kd00073g6cw86te1s6,30,133.6422250064776,118.36762437972578,132.42214536443683,99.08705527614372,88.57052804530046,111.87361920825904,0.1693308242730642,2.2369279652881255
-0.1496880616200188,0.4576731115637934,1,False,cl2k88mdi000n3g6cm4ynh2gx,30,380.677089528715,213.6237374861358,95.06824954835304,24.97346232893848,56.116783321687635,44.5026618610317,6.799580691511551,15.669979038219571
0.039058002319041996,-0.10970269520713583,0,False,cl4dn0tn50010356fijf6pqfh,35,149.222294769095,115.07482846793862,81.82238545993957,54.8325473660291,77.1163777142043,71.10363452137265,0.8389471270281849,28.914923461468323
-0.31983667667009075,-0.33860318174548676,0,False,cl4dnao7p002x356f5zr1ficu,35,78.2080817398993,59.78946616959464,3.3925113462187233,4.337801504327104,76.44921706229746,5.674095394322073,0.4112334178127253,10.230132829666465
-0.08301167413389343,-0.0621965609515675,0,False,cl4drfdke003t356firajhs9f,35,175.8548329099145,155.9792965418009,47.62628940517902,27.08272989550229,88.69775937389488,30.533724962925223,0.5374533847123268,9.107116834501603
0.2855709541689829,-0.21472278946426837,2,False,cl4drq4ne003x356fg6wuc2de,35,127.67256791688013,118.60727464970677,107.89659993880474,84.51040164638161,92.89957630281612,90.96963087421508,0.2960175465430851,3.400985187168718
0.3087951402969217,-0.037798731061853164,2,False,cl4dxi3z90049356fhg7pcjy2,35,179.38816941806434,160.03594007917744,149.34057468926764,83.24995743795638,89.21209274743948,93.3168978264393,0.6472037142355802,7.945329987121245
0.3121898887844523,-0.16227759586234805,2,False,cl4e3l3wa0003356fbrnzfamc,35,143.60268750155873,101.68151020366624,137.95148511305675,96.06469594210022,70.80752594032235,135.67017723944343,0.2642856087965196,3.154290955813373
0.05046661734303581,-0.12659938063289206,0,False,cl4e3xy58001g356fmmazkw9m,35,155.00847439316922,132.15602796187565,77.43928469142114,49.95809744891835,85.25729220885707,58.59686151717636,0.4881279497685864,6.552502387709782
-0.11829665757151608,-0.317152803351706,0,False,cl4e3yxj7001s356fnluwh9ib,35,92.64706718997472,76.87475440922636,28.889729653949484,31.182562524845498,82.97591790098771,37.58025619198882,0.2671679235450724,4.520849400176532
0.3086778182700445,-0.17914810799320827,2,False,cl4sb9vbv000e356fjk3h7yl0,36,120.8546443274948,105.48270576687992,114.973484291232,95.13369132896052,87.28063894759424,108.99747352454818,0.4490406996586203,41.75598868536384
-0.06935433277413527,-0.18667127910906067,0,False,cl4sba4bd000l356fifxda70f,36,125.17846603772522,86.11101678496817,54.8785277051896,43.84023022669952,68.79059914268063,63.729972951346426,0.96392902163852,19.38670903249056
-0.013630359147934423,-0.09360099046896686,0,False,cl4sbaun20018356fdw4xbwhw,36,151.5290906137783,101.55424794169085,79.02433751787414,52.15126494706793,67.01963796544867,77.81490102043526,1.136104413612806,35.201172050336936
0.009790670065331963,-0.021613201110221192,0,False,cl4sbazoa001c356f4lz6t5lf,36,179.355717591733,115.63439391965149,97.31061994005542,54.25565532377582,64.47209794720334,84.15369912144968,1.6293190129238069,32.16364173979235
0.0174260536359222,-0.1632712136713278,0,False,cl4sbbe2n001o356fcwn1gqn6,36,131.5392758703166,93.45010094041491,73.20906023466804,55.65566615011945,71.04349656945544,78.34026876155774,1.0915036505178002,22.671345405403503
-0.09123229663795268,-0.26768992713341316,0,False,cl4sbbks3001w356fxefedoh2,36,98.5771898829484,72.76070144724218,39.67472041891792,40.247363985550926,73.81089026136677,54.52767720729786,0.7577585103799712,16.40015053349947
0.1970462510616563,-0.0723112798229277,2,False,cl4sbla0v003j356fq7o6brxl,36,151.50763236446846,115.0358565225739,121.56983914940392,80.24007586426679,75.92743330965818,105.67995303755384,0.9198804206761764,47.950849013820935
0.24028120596823788,-0.14568172329208023,2,False,cl4sbm49z003z356fg19quzbr,36,130.39448251768133,110.44190343748876,110.6035657508114,84.82227439018648,84.69829497771347,100.14637769568516,0.5371687902922188,43.52317406392209
-0.12374751944956741,-0.07447891276563773,0,False,cl4x5svmz0003356fdijlb1j7,36,174.54298809160326,112.17518834039952,57.97638677551322,33.216107624493155,64.26794313933023,51.683788218462226,1.4714693788544229,7.4476491181913325
0.10864574986353015,-0.24937750790413196,0,False,cl4xr03vs0003356f81sckspm,36,113.3968902041106,94.60180085090234,72.61276429551557,64.03417603852719,83.42539260170388,76.75621779119966,0.6596950128583955,5.086570001381404
0.0751682373932071,-0.2528056563259177,0,False,cl4xu8pb0000b356fd0prmlo0,36,110.76493842163715,85.67093397350297,68.51239940647133,61.8538685460849,77.3448125320925,79.97157989156676,0.7532158744001105,4.217991822081747
-0.09913542396866037,-0.1005749437346341,0,False,cl4xuuxyo000n356f8derlp9a,36,163.90049147804262,106.28266577046938,61.06486357468483,37.25727911124998,64.84584933944986,57.45514861902503,1.3419123298020046,7.859985621867022
-0.08627668975908048,-0.04048499089951796,0,False,cl4xvx69d000r356fyv9ewcu4,36,187.33684111070244,116.98533034762475,72.47293703314824,38.685896806769584,62.44651594103422,61.95044867402875,1.6230687956021945,8.318411431950208
0.010158556497227966,-0.21711913140342054,0,False,cl4xzgx0l000z356fdbvx7scy,36,120.2088725938678,82.93253521668116,66.05244290020546,54.948059552448534,68.990361050031,79.64599505806447,0.9102613480854032,6.3912749736229
0.1987012672455689,-0.18712766149119248,2,False,cl4y0u4f00013356f4rj5r02e,36,132.5878872481555,107.45700758236072,101.5210768328385,76.56889248323911,81.04587063917909,94.4759947414573,0.7570494020918298,6.148726851851431
0.00538924028631782,-0.20888883069009256,0,False,cl4yjn0pu000b356frte1icdf,36,123.59864034640572,84.04938192909175,67.07995665197568,54.27240660898288,68.00186611562182,79.81017243953997,0.8949334354255437,5.765294804737262
0.07335656140195745,-0.14355440429782546,0,False,cl4ykt5e5000r356f5nafzpuk,36,146.2603491952068,94.80166734230708,93.38124792399692,63.84590795647927,64.81706618639326,98.50169363247446,1.3364331487881844,5.425347222222321
-0.00856688204754208,-0.07040545758426939,0,False,cl4ykxhdc000v356fuf0cfrlv,36,174.23259194641258,114.92859204178916,85.49808257394248,49.07123381384264,65.96274024158286,74.39235185518895,1.4738582618336853,7.312776146632768
0.16155471599487548,-0.23886398655530547,2,False,cl4ylb4b40013356fpwidj9om,36,117.57802395307591,97.72622852625808,84.14997158691631,71.5694725576436,83.1160664558026,86.107867719776,0.5637848187026842,3.960131855662904
-0.11377083001633753,-0.23840471491727247,0,False,cl4ylk3hu0017356fm2i4n7b1,36,114.45522376769117,80.42415290918258,41.11268606870296,35.92032300085232,70.26691334981689,51.11982480577528,0.7252493722979327,5.194024698239628
0.18704585696570752,-0.2294089169023248,2,False,cl4ym9iww001j356fm9a6fais,36,121.48816967502894,105.53876339319234,89.02707523067829,73.28044818587566,86.87163834593939,84.35485917056035,0.4876824267946734,4.224541930520384
-0.006979644873464141,-0.21077383788516924,0,False,cl4ynkuw10023356fct2gneak,36,124.48040717428094,86.41525014748564,64.12175109585667,51.51152101075787,69.42076436695655,74.20189259004579,0.7963699143581868,4.264473064210766
-0.029507129309333524,-0.12989058955555507,0,False,cl5nkcpqw0007356f73nxjnf2,36,151.59060466288807,97.4294600279636,73.70008721214647,48.61784632104544,64.27143703571227,75.64456088640287,1.4173163333669954,6.710079911622591
-0.06163140330082778,-0.12298983129569918,0,False,cl5nlv2jt000k356fr4ghyucl,36,155.8518891062666,96.66806075168772,69.28878617664385,44.45809837402724,62.02559449617914,71.67702097037686,1.3127292715792511,6.066477393730483
-0.05327704677079231,0.14001377260292153,1,False,ckywzsbvn0006386lup64vzl3,38,212.6707980618845,168.74240786370157,83.04124932536283,39.046850852179,79.34441841639193,49.21184329219587,1.5982130098201002,74.5642655095787
-0.24252533727602338,-0.22347329364845558,0,False,ckywzsgpn000a386l8p612lq2,38,111.49401188950748,99.4605667200484,12.007044757269064,10.769228368217888,89.20709286039107,12.072166038491703,0.3252254674851658,36.7502482519691
0.2792036798617106,0.35343822805883085,2,False,ckywzsjng000e386l0x3csdzp,38,275.08738377662786,198.91133507775675,231.327453702517,84.09235295587234,72.30841790958817,116.29676791022916,2.703531209379034,91.0568026743876
-0.12324027503199958,0.02562287904563154,0,False,ckywzx06s001i386lmpznlxwl,38,205.81137907245096,184.7115100929235,37.4413199240866,18.192055314349883,89.74795802126191,20.27016069829696,0.6306828851098665,6.910074209542215
0.19992621117260423,-0.13613181924966306,2,False,ckyx0iks3001q386l8i539om7,38,153.03229532899886,144.10444561388277,103.52157358256066,67.6468802614528,94.16603554437812,71.83787643855145,0.19125012477817807,2.754547564331663
0.3679275548873914,-0.006330817640330888,2,False,ckyx0lqp5001u386l5v1jzz7x,38,190.8846721383691,143.51350466392017,185.31673019264755,97.0830858846092,75.18335707955096,129.1284263642102,1.3112365029417914,7.233796296296571
0.0010218252457239174,-0.08931960254186536,0,False,ckyx0mtcc001y386lnmogaytg,38,167.64981176774566,160.74229050293093,60.66808648233758,36.1873871748716,95.87979181605996,37.74245489007224,0.2504126816502878,5.4364277280254285
-0.006136840797312915,0.07126019624393032,1,False,ckyx0qg3c0022386lb33lduw5,38,223.81704859794485,184.2994895101914,82.40873792751333,36.81968752771322,82.34381190561535,44.71457742315466,0.6411315134884127,6.180558264841952
0.1981363966803663,-0.05662683336880378,2,False,ckyx1e2he002m386l0sgitlgi,38,171.13037308534177,99.62130200259143,142.8871568756402,83.49608213872305,58.2136883163989,143.4303246427388,2.939643176627532,7.664069770116183
-0.030779053528124378,-0.09725556978749328,0,False,ckyx1ev5w002q386lm5txiqgc,38,162.1441554569934,148.9766808552957,56.245776265652424,34.68874724909272,91.87915557943737,37.75475191334486,0.4842900907139307,12.116458841050532
-0.18773176925787638,0.06875491194084138,1,False,ckyx1gdws002u386legnuxrf1,38,219.41471937346148,173.1381728356473,32.4670458408044,14.797113855220845,78.90909658661151,18.75210146269938,1.296205473874101,17.89542372229857
0.3374137133267848,-0.13444702495021305,2,False,ckyx1i83h002y386laem2t1qn,38,148.66221143402404,139.52976991294764,133.0462937512034,89.49570470384738,93.85691802040134,95.35333845544984,0.5792749263491683,8.361564855516708
-0.1895788295651965,0.13579164428376345,1,False,ckyx1lg4h0032386lj2flcs53,38,251.4411937791636,186.99992453720472,35.6679297889289,14.185396295984589,74.3712363621068,19.073766942527595,1.4807457859369917,9.558470288865186
-0.21736815742438548,-0.2593752948317424,0,False,ckyx1mxmx0036386lmlr5h5lp,38,104.55761063874525,84.75134589765749,17.967287342907063,17.18410284353709,81.05707980500821,21.200002374715886,0.5736465612038546,17.811157772345247
0.14607852855868453,-0.011480051783756162,2,False,ckyx1u33s003a386lwt61jsyk,38,184.5431640214682,165.3911690122953,110.49416709131316,59.87442974504283,89.62194286050882,66.80777924914415,0.7592586040806258,18.142268813634825
-0.14715262551185077,-0.07550753363129942,0,False,ckyx1yn65003f386l13ijmq9g,38,171.53608549069915,162.1672120163735,26.12788408056972,15.231712910917745,94.53824922754598,16.111693452515958,0.3543506277411203,9.431716442712302
0.13667507423493175,-0.05306834724540166,2,False,ckyx3a1gp003n386l1kj2u4ab,38,176.3034435547456,163.69417132019095,100.2875764892925,56.88350406959084,92.84797166730368,61.26520918886407,0.3054271722787757,9.41359074678291
-0.2511413030400147,-0.154841957233871,0,False,ckyx3bhaq003r386lgbo6ccm4,38,143.57816250256585,89.71256175482993,24.869371128622817,17.32113762646766,62.48343076073753,27.72116930133689,1.449349367633455,6.259637631013433
0.30221381770483635,-0.014706082827319,2,False,ckyxc80q900033867653k51jj,38,186.38550337935683,156.41277281983685,156.81388828425642,84.13416571625085,83.91895827943472,100.25644674484585,1.146645752926868,7.791037047358693
0.09185637809920755,-0.08514662690722183,2,False,ckyxci4dp0003386ls5z7sg8e,38,169.63185825783998,153.59418630909417,87.65471855250186,51.67350016249125,90.54560144924628,57.06903409488743,0.2304293965905029,4.246005816650036
-0.07424797800896915,0.2696024594975276,1,False,ckyxckuky0008386l8bqhl1ew,38,294.7143079377413,209.3746741471206,87.2495343581461,29.60478402581582,71.04326749936797,41.67148424877727,2.9799430051916285,12.318711202203803
0.24731061357245665,-0.07422760818907767,2,False,cl4zcdmxp002i3y6fbql082bt,38,175.05777268174973,102.64014934350186,155.28078415620635,88.70259330815468,58.63215769921788,151.28659218580646,0.9811197458629545,5.063657407407618
-0.07039206512039387,-0.15612008878261782,0,False,cl31445hf0007396cqok6byk7,47,128.3050409044042,112.51760007203232,47.550826573661766,37.0607625690173,87.6953853713865,42.26078990595279,0.43287720687320497,45.87190876379984
-0.12008194562953356,0.10645053178088809,1,False,cl3144p8j000g396ci3uqwj2m,47,208.34065834251535,155.95085582084695,65.72166799407563,31.54529150331673,74.85377893184021,42.14255038752419,1.2002473867800416,69.77228921228121
-0.1367642726244539,-0.22143315583327222,0,False,cl31459ks000r396cqrqm7umg,47,108.70354058001372,101.41457501933024,28.57727812542327,26.289187981313557,93.29463831463865,28.1786697030247,0.2558638347400112,46.858183864861914
-0.05889544922343454,-0.04619575589014452,0,False,cl3146m3g000z396ce2oi4n9l,47,193.4301863592423,106.34832780370374,87.00726402363205,44.98122328334031,54.98021265728998,81.81347635689096,0.9437947674390028,5.194074449195427
-0.2684686124947139,-0.09219937868683431,0,False,cl314etiv0013396cef6ngytu,47,155.51344797184055,132.95310165998416,8.409475340330927,5.407555069998618,85.49299330309911,6.325144156348769,0.6603626819802361,34.72222222222191
-0.24546555243064933,-0.024549128357903016,0,False,cl314jqvw0018396c8dtr2qtj,47,158.20409978894511,143.7657790614862,15.510364320397173,9.804021729581622,90.8736115266794,10.78863441748794,0.7895454950184528,75.23148148148191
-0.24235029140085035,-0.3401827282445029,0,False,cl3178ar0001w396cxexl3rlk,47,79.73519989581649,58.76477845771698,13.506007179706057,16.93857568219965,73.69991990300412,22.98316701631749,0.297244196373896,4.385636440404186
0.12401147938837676,-0.11330144869386413,2,False,cl31b2j7j0029396cj826pcpp,47,161.46949374732532,118.84198371631436,105.32408030626765,65.22847001123534,73.60027021716165,88.6253132206922,0.4620814545210742,4.205913277033367
0.3711113949739808,-0.14827137554941108,2,False,cl31b33wl002d396cl7y99mp1,47,147.72209285877724,143.14240589924168,136.7747337981075,92.58922017092226,96.8997955072883,95.55151245283916,0.220476020206082,3.235052050781111
-0.25442135656124176,-0.23475794169608805,0,False,cl31b41i8002l396cg1a5d10o,47,120.9455858759838,101.56293974727475,9.341334667986915,7.723584618925582,83.97407727754216,9.197582003072704,0.42346306299464703,5.0464578672122915
-0.21431307405615757,-0.04329054048445258,0,False,cl31binjb0031396cc23hv73o,47,176.3395365657831,156.84795638973483,16.33531289148929,9.263556664387304,88.9465626622099,10.414743849705896,0.5167395570040157,24.95659722222238
0.19477791849975468,-0.24830696407128164,2,False,cl1x8y8wp00243f6bczckj7d5,52,114.34237315296468,97.03012630381822,87.33219753260916,76.3778073905971,84.85929024230894,90.00523946465539,0.4720268268183771,5.6746785203048535
-0.06458213911434085,-0.21732077319033255,0,False,cl52g4ex1000s3b6g2941ltlj,52,121.33424744143616,89.57308489692774,50.31156540135147,41.465263486828086,73.82341489377232,56.16817312839597,0.8651548391246143,7.118595047583305
-0.05398284390743796,-0.2131686789091516,0,False,cl52h70ko001h3b6gjptgj215,52,122.17907184336636,84.44880861298125,55.00241157488604,45.01786659944443,69.11888209565437,65.13106872467021,0.9004118190989879,6.2854138902738645
0.29612257946695775,0.09471889424994717,2,False,ckz3xadsm00073867s2f56arc,54,199.41245869826156,145.4033971570159,183.45975370607317,92.0001462815686,72.91590410458315,126.17294870212804,1.4996113524435355,64.9199353766384
0.04907839137129422,-0.045182170860797954,0,False,cl2y6yd760010396csyxzatmo,54,162.47557196367174,99.60760534644442,104.24190312783348,64.15850817939643,61.30620384504072,104.65255415514764,1.4396698626358542,47.50743665977455
0.18333829652090383,0.018147592072301322,2,False,cl2y6z5av001c396ch2uc9u30,54,179.0780121983761,135.62148552792567,135.7603684051421,75.81074121749336,75.73318681787083,100.10240477508104,1.4110577700320444,52.68711529223574
-0.02513772678286852,-0.20762319788148345,0,False,cl2y702oj001o396ckjtscowe,54,113.52395932095862,78.49221923831705,59.16749649950592,52.118950795422535,69.14154484024056,75.38007852709877,0.6859149737581682,28.57864555232451
0.08366613113584664,-0.07472650559217481,2,False,cl2y72tbg002o396c6g5h89tz,54,150.81798276442714,119.65770378377243,93.76015806293492,62.16775768005417,79.33914881402038,78.35697585536515,0.8670885793057957,49.77087832505944
-0.22295576526501582,-0.1378695296543937,0,False,cl2y7hcvy0037396c6ud7pt1p,54,148.0036588645238,101.44036104964336,27.982629167785927,18.906714457241915,68.53909006567028,27.585301233393334,1.0241908568799634,14.15271083220432
-0.20799378373886956,-0.08252131760428999,0,False,cl2y8fjfg003p396c141178j4,54,174.33582663546355,99.99693706355244,42.52718154784035,24.39382791740492,57.358799389322414,42.52848416828254,1.2068071893399372,9.9227876026438
0.1744746487811628,-0.11321987377927417,2,False,cl2y94vuu003x396cqcjvxpgf,54,156.03246053852925,128.07403765067428,109.29343360264232,70.04531827891952,82.08166250063643,85.33613494777403,0.7106618293671726,10.203955665431844
0.011057074128340116,-0.028561976474294426,0,False,cl2y96xhq0042396cgnqc44hu,54,187.97087549708343,125.08748174881158,95.69646958911515,50.910264335391666,66.54620372332757,76.5036342975418,1.214290846054953,14.04549178164593
-0.21926988287307603,-0.1532038956026756,0,False,cl2y9is9a0046396chlhjr8w9,54,146.2623190009623,117.99103964141752,19.40658563685679,13.26834263904233,80.67083883761015,16.44750795978633,0.644770058583847,9.295889528453628
-0.337867218542231,-0.18032398506523112,0,False,cl2yck2ad004b396cui13iuz4,54,133.73459882494862,66.21779479004353,14.45902524109055,10.811731121290936,49.51433314330202,21.835558382660913,0.9268821746305818,8.413847275445697
0.1629241473373948,-0.17787280672942554,2,False,cl2yibj50000g396czhbho4cb,54,137.11863519235143,116.62611905786794,94.2884810677942,68.76416246086853,85.05490073924935,80.84679643760573,0.4798883947834135,6.725658603868473
-0.33423022397695135,-0.01699371475711292,0,False,cl2yic6it000k396crh8mynir,54,186.1819553313636,98.33503478802967,19.611816232685765,10.533682599788458,52.81663016859749,19.943874810194416,2.5669691234373166,31.7939771510929
0.11455741687952892,-0.2507876634622358,0,False,cl2yiuanh000t396cozxek241,54,111.00011954254175,83.04192372488711,76.52733926335807,68.94347463655505,74.81246332627649,92.15506557493602,0.519737201208302,5.720229986065709
-0.04231162559616897,-0.09544934047418491,0,False,cl2znwce2000r396c6wzup6l1,54,163.22354700653847,100.82913673641907,77.44279229125529,47.44584571989056,61.77364637982045,76.80596581293874,1.1875496075475165,13.961414254643032
-0.22460071157686928,0.04820977438638546,0,False,cl2znwmew000v396cg3f6w219,54,171.99807881128996,144.9574474469319,29.459923865954465,17.128054028020177,84.27852709097637,20.323153025124547,1.1471529678925938,96.93287037037047
0.3473152418135256,-0.16718490054823312,2,False,cl2zoyiy5002z396cf9qm9vq0,54,139.88607393262177,113.11317707205905,136.70794710406636,97.72806060016651,80.8609276764331,120.85943533968302,0.416442521091248,5.967881944444761
0.3296599188403949,-0.10880693880929249,2,False,cl1q4u81d000q396bjk6dyh70,60,141.29895865874118,124.12946118853736,134.809133522029,95.40702550229965,87.84881528272913,108.60365640133617,0.6271665535771928,44.00755821002769
0.34966716062076697,-0.05917775640562703,2,False,cl1q4uov2000x396b1ak2gj95,60,154.55576573857834,138.60288468301704,148.54023569591686,96.10785788940647,89.67823621504705,107.16965670348522,0.601426192438449,49.12594573596515
-0.25551563750448664,-0.09246816119322268,0,False,cl2udkxth0027396cjrirxqau,60,167.3869654612989,131.404624329685,12.959268259779575,7.742101198898819,78.50349874468972,9.86210974376798,0.9342610057747011,9.610337279793423
0.05848921612373592,-0.2458985110674564,0,False,cl2udlrxj002n396cq7vc183v,60,115.52675752379037,98.90396038470324,63.75730177630368,55.18834176850689,85.61130122979172,64.46385112214836,0.433262938961627,6.54808419133898
-0.24408065008510998,0.03644824366243837,0,False,cl2udmc6p002z396cojo0mrkm,60,227.69026638120653,115.37642919562376,46.18277640452629,20.283157966535807,50.67253468027341,40.02791274309779,2.153297936679906,10.997062356281196
-0.2179670611059848,-0.11398283083166724,0,False,ckz79yx3f000h3867xh7vy895,82,142.2610477047749,137.4010566609629,13.98399156799506,9.82981061478974,96.58375140474318,10.177499291363208,0.2702336519861885,49.91753518870888
0.1398432481641999,-0.24038797754399993,2,False,ckz79zhc2000w38671rz6df6n,82,117.0215877976178,100.15813325771158,78.92985749733762,67.4489715810747,85.5894498978508,78.80524020375599,0.3454638085910395,7.441832324177571
-0.0473360043606994,-0.28248701774314544,0,False,ckz7a06t5001a3867vivq8h71,82,102.69818300349186,86.15778355378954,42.26332871851623,41.15294689982901,83.89416544094074,49.05340756837207,0.46532654234104054,7.07378733203433
0.18566007958261044,-0.18721014482958323,2,False,cl3eifgdr000f3f6cduxthhcm,82,129.76637772380127,116.01988702302344,93.55680108935256,72.0963339891337,89.40673929418274,80.63859006412132,0.4368525022916857,17.42128845311415
-0.035548435379762156,-0.01636912975541771,0,False,cl3eifwej000r3f6cr6n98ma8,82,190.54777813716407,158.91137430730805,67.55119740829682,35.45105488434019,83.39712793340321,42.508723936691965,0.8855170524128632,9.75296509266852
-0.10926514476051674,-0.03384312955236857,0,False,cl3h2i3vc000f396c6xy82b7e,82,187.61153412634536,150.1775378049126,49.78255530007302,26.534911902883003,80.04707093529592,33.14913536852816,0.9188699909657628,7.367094608556727
-0.07877239803511316,0.012194973875654547,0,False,cl3h2kly8000j396cka80wa1u,82,203.45198694061796,136.09934306651212,75.02739401123208,36.8771989595415,66.8950670441158,55.12693325387029,1.8419671259653372,11.775767213613944
-0.12526290759461745,-0.14280711950964534,0,True,,,,,,,,,,
-0.10960252260888381,0.25035822730185886,1,True,,,,,,,,,,
0.24881122702514102,-0.015416909888266994,2,True,,,,,,,,,,
